-- phpMyAdmin SQL Dump
-- version 4.9.5
-- https://www.phpmyadmin.net/
--
-- Host: localhost:3306
-- Generation Time: Nov 02, 2021 at 10:34 PM
-- Server version: 5.6.51-cll-lve
-- PHP Version: 7.3.27

SET SQL_MODE = "NO_AUTO_VALUE_ON_ZERO";
SET AUTOCOMMIT = 0;
START TRANSACTION;
SET time_zone = "+00:00";


/*!40101 SET @OLD_CHARACTER_SET_CLIENT=@@CHARACTER_SET_CLIENT */;
/*!40101 SET @OLD_CHARACTER_SET_RESULTS=@@CHARACTER_SET_RESULTS */;
/*!40101 SET @OLD_COLLATION_CONNECTION=@@COLLATION_CONNECTION */;
/*!40101 SET NAMES utf8mb4 */;

--
-- Database: `hanseung_wnm608`
--

-- --------------------------------------------------------

--
-- Table structure for table `track_animals`
--

CREATE TABLE `track_animals` (
  `id` int(13) NOT NULL,
  `user_id` int(13) NOT NULL,
  `name` varchar(64) NOT NULL,
  `type` varchar(64) NOT NULL,
  `breed` varchar(64) NOT NULL,
  `description` text NOT NULL,
  `img` varchar(256) NOT NULL,
  `date_create` datetime NOT NULL
) ENGINE=InnoDB DEFAULT CHARSET=latin1;

--
-- Dumping data for table `track_animals`
--

INSERT INTO `track_animals` (`id`, `user_id`, `name`, `type`, `breed`, `description`, `img`, `date_create`) VALUES
(1, 7, 'Comtours', 'horse', 'andalusian', 'Lorem excepteur minim est culpa sunt ea. Ut Lorem sint enim excepteur dolore enim aute tempor occaecat. Laborum cillum consequat exercitation incididunt sint ex consequat proident nulla deserunt excepteur elit.', 'http://via.placeholder.com/400/740/fff/?text=Comtours', '2020-12-24 07:39:44'),
(2, 5, 'Shadease', 'horse', 'shetland', 'Id sit incididunt occaecat deserunt nulla voluptate reprehenderit mollit veniam ex. Aliqua consequat eu mollit aute adipisicing. Ex irure excepteur proident sint do laboris mollit.', 'http://via.placeholder.com/400/915/fff/?text=Shadease', '2021-02-24 01:24:40'),
(3, 2, 'Zboo', 'dog', 'labrador', 'Amet officia amet nostrud aute sint velit mollit incididunt aute sint eiusmod enim. Qui tempor duis tempor culpa ullamco. Culpa minim fugiat proident officia sit enim.', 'http://via.placeholder.com/400/904/fff/?text=Zboo', '2021-05-25 09:22:37'),
(4, 3, 'Softmicro', 'horse', 'andalusian', 'Ad est dolor mollit sit dolore sint eu. Eu culpa officia sint sunt labore excepteur aliqua eu cupidatat officia labore. Magna nostrud proident enim non enim.', 'http://via.placeholder.com/400/812/fff/?text=Softmicro', '2021-04-10 04:21:11'),
(5, 8, 'Earbang', 'dog', 'labrador', 'Est incididunt consectetur et ad cillum ex laborum excepteur cillum aute consequat. Adipisicing officia laborum aliquip magna ullamco ullamco nostrud minim dolor non pariatur sint labore magna. Sit aliquip aute Lorem Lorem incididunt ut velit incididunt sint eu minim Lorem do minim.', 'http://via.placeholder.com/400/937/fff/?text=Earbang', '2020-05-15 01:25:14'),
(6, 8, 'Centrexin', 'horse', 'shetland', 'Voluptate enim et sit laboris. Laboris nulla fugiat ad velit voluptate pariatur. Dolore pariatur qui voluptate duis consectetur commodo id nulla et nulla consectetur labore veniam.', 'http://via.placeholder.com/400/998/fff/?text=Centrexin', '2020-10-10 10:05:06'),
(7, 2, 'Zanymax', 'dog', 'pitbull', 'Cillum proident fugiat do deserunt ullamco. Qui ea mollit mollit pariatur mollit ullamco non quis incididunt ullamco. In nisi nostrud magna esse ut dolore aliqua laborum consectetur.', 'http://via.placeholder.com/400/915/fff/?text=Zanymax', '2020-04-16 12:03:35'),
(8, 7, 'Kozgene', 'dog', 'labrador', 'Consectetur ex adipisicing eiusmod fugiat dolor. Sunt dolore amet ullamco elit ex sunt eu elit et adipisicing velit adipisicing sunt. Anim ex elit quis irure veniam veniam ad incididunt cillum aliqua occaecat anim amet est.', 'http://via.placeholder.com/400/890/fff/?text=Kozgene', '2020-11-21 09:15:14'),
(9, 5, 'Uncorp', 'cat', 'calico', 'Eiusmod exercitation irure id est elit ea reprehenderit. Duis sint duis ipsum anim est adipisicing in consequat eu excepteur culpa laborum nisi nisi. Dolore sunt sint eiusmod proident quis laboris labore.', 'http://via.placeholder.com/400/751/fff/?text=Uncorp', '2020-02-11 07:22:20'),
(10, 2, 'Accruex', 'horse', 'shetland', 'Irure exercitation reprehenderit occaecat voluptate in velit enim qui. Amet non nisi nulla incididunt consequat non ut consequat nostrud id incididunt ad. Consequat elit Lorem exercitation magna dolor sint quis ad nisi incididunt dolor mollit consequat.', 'http://via.placeholder.com/400/866/fff/?text=Accruex', '2020-01-08 06:58:03'),
(11, 7, 'Exiand', 'cat', 'tuxedo', 'Elit sit cupidatat nostrud in veniam excepteur est sit cupidatat occaecat. Irure sint sit pariatur reprehenderit. Ipsum nostrud veniam excepteur officia dolore pariatur pariatur quis est in et et.', 'http://via.placeholder.com/400/735/fff/?text=Exiand', '2020-09-26 06:50:41'),
(12, 3, 'Comtrak', 'dog', 'pitbull', 'Adipisicing do aliquip voluptate magna Lorem elit nostrud. Consectetur culpa in duis Lorem in elit cupidatat elit nisi adipisicing velit. Mollit est irure do nostrud nisi veniam elit dolor sit nisi quis incididunt nostrud.', 'http://via.placeholder.com/400/795/fff/?text=Comtrak', '2020-04-06 07:22:33'),
(13, 5, 'Tripsch', 'cat', 'calico', 'Exercitation enim adipisicing minim cupidatat sit est id adipisicing. Laboris tempor elit id dolor velit sint amet aliqua voluptate adipisicing aliqua. Laboris laboris do ex esse labore amet aliquip commodo.', 'http://via.placeholder.com/400/717/fff/?text=Tripsch', '2021-02-07 03:43:07'),
(14, 10, 'Inquala', 'cat', 'ginger', 'Aliqua elit velit voluptate excepteur in Lorem magna incididunt incididunt velit commodo ea aliqua eiusmod. In qui duis adipisicing officia cupidatat elit magna ullamco. Labore voluptate fugiat sint consectetur mollit consequat.', 'http://via.placeholder.com/400/849/fff/?text=Inquala', '2020-09-30 03:38:48'),
(15, 9, 'Crustatia', 'dog', 'pug', 'Qui pariatur pariatur consectetur eu sit elit sunt aliqua non id est officia fugiat eiusmod. Aliqua enim do eiusmod ex nulla anim qui laboris reprehenderit ullamco duis. Lorem anim do exercitation esse magna duis.', 'http://via.placeholder.com/400/737/fff/?text=Crustatia', '2020-08-01 04:04:00'),
(16, 4, 'Assistia', 'horse', 'unicorn', 'Mollit sit dolor labore aute reprehenderit. Deserunt ullamco ad minim consectetur. Ullamco irure fugiat eiusmod tempor aliquip magna ex sunt dolore officia incididunt et.', 'http://via.placeholder.com/400/789/fff/?text=Assistia', '2020-01-03 10:22:01'),
(17, 3, 'Dentrex', 'cat', 'calico', 'Culpa sint ea aute aliqua nostrud eiusmod consectetur. Consequat irure aliqua non enim amet occaecat in deserunt commodo enim labore irure. Ipsum eiusmod nisi fugiat sunt eu dolor et do quis qui elit sunt tempor Lorem.', 'http://via.placeholder.com/400/796/fff/?text=Dentrex', '2021-04-15 02:45:02'),
(18, 1, 'Gallaxia', 'horse', 'unicorn', 'Lorem Lorem nulla eu est fugiat ut ut irure nulla ea in sit fugiat laboris. Voluptate Lorem laboris labore consectetur amet exercitation fugiat mollit. Aliqua ex proident eiusmod consectetur ea aliquip ad cillum.', 'http://via.placeholder.com/400/856/fff/?text=Gallaxia', '2020-08-02 06:33:19'),
(19, 7, 'Codax', 'dog', 'pitbull', 'Nulla nisi culpa minim labore quis ex voluptate reprehenderit non irure nisi magna minim elit. Laboris ea consequat incididunt amet veniam aliquip in commodo sunt sint reprehenderit exercitation amet id. Consequat exercitation elit dolore cillum culpa laboris occaecat qui ex cupidatat tempor aliqua velit.', 'http://via.placeholder.com/400/911/fff/?text=Codax', '2020-04-04 05:21:18'),
(20, 6, 'Paragonia', 'horse', 'shetland', 'Eiusmod sunt magna cupidatat elit laborum dolore id sit in eu cupidatat ex. Ad est deserunt aute enim pariatur. Veniam deserunt commodo irure minim nostrud.', 'http://via.placeholder.com/400/762/fff/?text=Paragonia', '2020-04-20 04:37:04'),
(21, 1, 'Amtas', 'horse', 'shetland', 'Ullamco in pariatur aute veniam reprehenderit aliqua ea cupidatat deserunt. Laboris occaecat esse magna non veniam anim irure consectetur consectetur ad laborum adipisicing. Cillum sunt sunt velit eu mollit ea officia mollit nisi ex cillum.', 'http://via.placeholder.com/400/915/fff/?text=Amtas', '2021-06-30 09:13:53'),
(22, 6, 'Extragen', 'horse', 'shetland', 'Id labore et consequat ex incididunt mollit laboris. Ad consequat reprehenderit ex qui voluptate magna cupidatat cupidatat ut enim dolore nostrud consequat laboris. Deserunt proident amet eu veniam ut et.', 'http://via.placeholder.com/400/890/fff/?text=Extragen', '2021-04-29 12:15:44'),
(23, 10, 'Polaria', 'horse', 'unicorn', 'Cillum eu eu adipisicing ut sint. In amet fugiat irure elit deserunt sit esse. Commodo dolore duis duis commodo esse do in laboris minim reprehenderit nisi.', 'http://via.placeholder.com/400/894/fff/?text=Polaria', '2020-02-04 03:14:20'),
(24, 2, 'Snorus', 'dog', 'pug', 'Aliquip esse sint labore sint adipisicing do do aliqua dolor voluptate consequat fugiat mollit. Aute ad magna occaecat do nostrud duis labore irure ea do eiusmod non aliqua. Excepteur nulla eiusmod nostrud magna qui deserunt laboris sit minim reprehenderit laborum proident.', 'http://via.placeholder.com/400/956/fff/?text=Snorus', '2020-06-04 05:57:23'),
(25, 2, 'Intradisk', 'cat', 'ginger', 'Nisi nostrud excepteur cillum excepteur et laborum anim ullamco velit. Tempor aliquip ad ut velit sit ea laborum aliqua nulla mollit in ex et quis. Excepteur tempor reprehenderit nisi commodo anim do ex dolore nulla eiusmod.', 'http://via.placeholder.com/400/992/fff/?text=Intradisk', '2021-06-10 12:40:10'),
(26, 9, 'Plasmosis', 'dog', 'pitbull', 'Nisi minim ullamco veniam nostrud incididunt est culpa aliquip reprehenderit ipsum dolore magna pariatur. Laboris dolore consequat excepteur esse amet esse nostrud excepteur qui incididunt fugiat sunt. Veniam adipisicing laboris occaecat aliqua est anim aliquip velit.', 'http://via.placeholder.com/400/865/fff/?text=Plasmosis', '2021-01-26 04:09:00'),
(27, 2, 'Olympix', 'cat', 'calico', 'Mollit Lorem non exercitation cupidatat velit proident dolor culpa proident anim. Quis consequat consequat reprehenderit sunt eiusmod voluptate duis velit velit amet. Ipsum culpa ut sit proident.', 'http://via.placeholder.com/400/858/fff/?text=Olympix', '2021-11-01 11:37:25'),
(28, 9, 'Quotezart', 'horse', 'shetland', 'Duis aute cupidatat et dolore eu eiusmod veniam. Reprehenderit tempor ipsum ipsum elit cupidatat aliqua id incididunt magna amet. Ipsum nisi in duis duis sint esse ea qui pariatur.', 'http://via.placeholder.com/400/801/fff/?text=Quotezart', '2020-03-28 05:09:25'),
(29, 5, 'Intrawear', 'horse', 'unicorn', 'Magna ex aliquip mollit anim duis voluptate qui. Esse deserunt officia elit est pariatur dolore occaecat cillum Lorem laborum mollit. Lorem fugiat culpa excepteur labore occaecat adipisicing veniam aute.', 'http://via.placeholder.com/400/807/fff/?text=Intrawear', '2020-12-21 08:39:05'),
(30, 9, 'Ronbert', 'dog', 'pitbull', 'Lorem adipisicing consequat proident sint irure minim ad exercitation mollit cillum consequat duis excepteur. Occaecat occaecat proident sint elit aliqua quis et minim fugiat nisi reprehenderit amet sit qui. Labore pariatur esse qui duis reprehenderit exercitation mollit fugiat ut.', 'http://via.placeholder.com/400/965/fff/?text=Ronbert', '2020-01-15 09:51:46'),
(31, 2, 'Kiggle', 'horse', 'shetland', 'Pariatur occaecat sunt fugiat sint irure proident elit est quis sint aliqua non nulla. Sunt esse ea anim elit in culpa occaecat anim ea culpa labore irure culpa dolore. Anim exercitation fugiat ea proident ea reprehenderit ipsum exercitation in.', 'http://via.placeholder.com/400/938/fff/?text=Kiggle', '2021-10-20 12:53:26'),
(32, 8, 'Billmed', 'horse', 'shetland', 'Sit aute duis voluptate tempor duis minim duis ad. Aliqua velit veniam minim veniam magna cillum eu aliqua sunt duis ut laborum. Non anim consequat ea ex sint sint amet.', 'http://via.placeholder.com/400/909/fff/?text=Billmed', '2020-10-12 05:55:54'),
(33, 9, 'Enervate', 'dog', 'pitbull', 'Est ad in in Lorem aute ut. Mollit quis laboris magna enim excepteur nisi tempor proident cillum ipsum irure. Qui officia ex culpa amet do id aute sunt commodo ea.', 'http://via.placeholder.com/400/733/fff/?text=Enervate', '2021-01-17 12:07:16'),
(34, 8, 'Metroz', 'horse', 'unicorn', 'Adipisicing mollit qui aliqua deserunt. Labore officia sit consequat ullamco aliquip occaecat Lorem aliquip cillum adipisicing aliquip cillum. Adipisicing aute excepteur id esse ipsum consequat aute ut culpa ad eu tempor.', 'http://via.placeholder.com/400/932/fff/?text=Metroz', '2020-06-24 05:11:24'),
(35, 7, 'Rodemco', 'cat', 'ginger', 'Voluptate enim amet incididunt amet dolore consectetur deserunt nisi mollit. Eu amet irure id anim tempor laboris amet reprehenderit commodo excepteur aliqua cillum amet. Fugiat culpa in magna elit aliqua sunt irure.', 'http://via.placeholder.com/400/964/fff/?text=Rodemco', '2021-08-12 03:54:45'),
(36, 8, 'Orbixtar', 'cat', 'calico', 'Magna et nisi id nostrud. Id exercitation dolore ex elit aliquip. Et velit sunt ipsum cupidatat enim elit ex nostrud cupidatat qui fugiat mollit fugiat.', 'http://via.placeholder.com/400/950/fff/?text=Orbixtar', '2020-09-17 05:54:25'),
(37, 8, 'Digial', 'cat', 'ginger', 'Aliqua nulla et quis id fugiat consequat aliqua eu minim eu. Incididunt enim occaecat incididunt sit. Nulla nisi esse sunt labore occaecat consequat cupidatat deserunt culpa tempor esse nisi.', 'http://via.placeholder.com/400/826/fff/?text=Digial', '2021-04-04 02:43:18'),
(38, 3, 'Signidyne', 'dog', 'labrador', 'Sint dolor est veniam dolore. Adipisicing est laborum deserunt eu consequat ut qui aliqua quis amet qui exercitation ullamco occaecat. Exercitation mollit nulla aliquip sunt aliqua dolore nostrud commodo excepteur cupidatat consectetur.', 'http://via.placeholder.com/400/938/fff/?text=Signidyne', '2021-05-14 04:16:25'),
(39, 3, 'Opticall', 'dog', 'pitbull', 'Nulla sint adipisicing sit eu adipisicing reprehenderit qui dolore id pariatur. Duis proident anim nostrud proident anim elit Lorem ut Lorem minim irure dolore non et. Laborum cillum elit voluptate cillum minim adipisicing duis proident.', 'http://via.placeholder.com/400/835/fff/?text=Opticall', '2020-01-14 03:53:35'),
(40, 1, 'Zoid', 'cat', 'tuxedo', 'Ad voluptate duis consectetur ad laborum commodo dolore. Velit ipsum duis adipisicing consectetur labore labore reprehenderit enim ipsum consequat aliquip laboris. Cillum enim anim aute enim nisi eiusmod amet aliquip enim in.', 'http://via.placeholder.com/400/924/fff/?text=Zoid', '2021-03-10 12:01:25'),
(41, 5, 'Atomica', 'horse', 'andalusian', 'Ipsum enim deserunt dolore voluptate sint aliqua. Duis elit esse cupidatat aliquip elit. Amet ut eiusmod velit qui.', 'http://via.placeholder.com/400/916/fff/?text=Atomica', '2020-04-09 08:11:10'),
(42, 4, 'Zolavo', 'horse', 'andalusian', 'Adipisicing nulla aliqua enim cupidatat cupidatat Lorem amet minim laborum aute laborum nisi irure. Duis ex veniam proident officia adipisicing dolore quis pariatur aute. Est nisi culpa laborum culpa ex amet irure Lorem excepteur duis enim.', 'http://via.placeholder.com/400/725/fff/?text=Zolavo', '2020-05-03 01:05:27'),
(43, 5, 'Photobin', 'cat', 'ginger', 'Deserunt et do ut sunt eiusmod. Magna eiusmod sunt do sint excepteur sunt amet eu consequat nisi minim. Sunt ea culpa nisi mollit id exercitation labore deserunt qui commodo proident deserunt nostrud.', 'http://via.placeholder.com/400/986/fff/?text=Photobin', '2020-10-25 04:27:06'),
(44, 8, 'Organica', 'cat', 'tuxedo', 'Sit aliquip cillum excepteur elit ipsum proident amet laborum nisi officia. Tempor aliquip proident dolore mollit voluptate duis sit qui dolore irure ea consequat nulla nisi. Reprehenderit in sunt eiusmod consectetur exercitation labore.', 'http://via.placeholder.com/400/780/fff/?text=Organica', '2021-03-09 09:37:11'),
(45, 4, 'Poochies', 'horse', 'unicorn', 'Aliqua nulla cillum duis dolore elit. Magna eiusmod commodo deserunt duis elit cillum ea amet. Duis officia dolore anim incididunt.', 'http://via.placeholder.com/400/828/fff/?text=Poochies', '2020-11-05 12:42:05'),
(46, 6, 'Gushkool', 'dog', 'pug', 'Ipsum fugiat cillum esse elit cillum nostrud ex ullamco eiusmod est ea reprehenderit eiusmod. Irure culpa consectetur sunt velit nisi. Dolore nisi labore id incididunt culpa.', 'http://via.placeholder.com/400/864/fff/?text=Gushkool', '2021-01-08 10:08:54'),
(47, 2, 'Stockpost', 'cat', 'tuxedo', 'Minim do consequat quis velit pariatur ipsum ullamco ad adipisicing Lorem do ut culpa magna. Laboris aliqua aliquip ex esse commodo duis nisi adipisicing aute ipsum. Ea aute enim in in sit pariatur sint reprehenderit.', 'http://via.placeholder.com/400/875/fff/?text=Stockpost', '2020-05-13 01:40:40'),
(48, 10, 'Farmage', 'horse', 'andalusian', 'Ullamco exercitation sit est tempor aliqua exercitation proident aliquip dolor eu. Esse tempor adipisicing magna eu sit esse ea eiusmod ipsum sunt. Aliqua aute cillum dolor ullamco et dolor duis veniam adipisicing.', 'http://via.placeholder.com/400/960/fff/?text=Farmage', '2020-06-11 07:24:06'),
(49, 2, 'Tetak', 'horse', 'unicorn', 'Aliqua ea veniam est aute. Qui sint excepteur consectetur velit voluptate incididunt laborum quis in veniam Lorem ea pariatur sint. Consectetur ut voluptate consequat proident enim irure.', 'http://via.placeholder.com/400/930/fff/?text=Tetak', '2020-03-04 01:21:48'),
(50, 1, 'Senmei', 'horse', 'andalusian', 'Dolor exercitation enim consectetur mollit commodo tempor. Aliquip est eu amet non aute dolore consequat duis sit deserunt culpa. Consectetur aliqua magna incididunt duis aliqua aliqua ipsum proident dolor qui ex eiusmod eiusmod.', 'http://via.placeholder.com/400/825/fff/?text=Senmei', '2021-02-15 01:20:59');

-- --------------------------------------------------------

--
-- Table structure for table `track_locations`
--

CREATE TABLE `track_locations` (
  `id` int(13) NOT NULL,
  `animal_id` int(13) NOT NULL,
  `lat` decimal(8,6) NOT NULL,
  `lng` decimal(9,6) NOT NULL,
  `description` text NOT NULL,
  `photo` varchar(256) NOT NULL,
  `icon` varchar(256) NOT NULL,
  `date_create` datetime NOT NULL
) ENGINE=InnoDB DEFAULT CHARSET=latin1;

--
-- Dumping data for table `track_locations`
--

INSERT INTO `track_locations` (`id`, `animal_id`, `lat`, `lng`, `description`, `photo`, `icon`, `date_create`) VALUES
(1, 42, 37.707258, -122.402851, 'Anim labore incididunt commodo in minim esse. Enim ex do enim sint aliqua do non in velit officia cillum. Commodo nisi esse dolor consequat aute laboris excepteur eiusmod eu.', 'http://via.placeholder.com/400/', 'http://via.placeholder.com/400/?text=ICON', '2021-10-27 06:39:49'),
(2, 33, 37.733716, -122.416456, 'Ut aliqua veniam cillum id aute Lorem tempor pariatur adipisicing pariatur sint. Consequat amet amet ut in ex cillum id esse eiusmod. Cupidatat nulla quis eu excepteur id aliquip eu eiusmod.', 'http://via.placeholder.com/400/', 'http://via.placeholder.com/400/?text=ICON', '2021-01-27 07:14:48'),
(3, 42, 37.735348, -122.423837, 'Sit esse sint cupidatat tempor ullamco qui consectetur pariatur veniam officia velit. Tempor esse ad laborum adipisicing dolore officia veniam ullamco reprehenderit. Dolore occaecat consectetur ea aliqua deserunt esse ipsum excepteur ipsum cillum.', 'http://via.placeholder.com/400/', 'http://via.placeholder.com/400/?text=ICON', '2021-09-25 02:15:56'),
(4, 44, 37.779064, -122.448489, 'Sunt aliqua aute aute veniam excepteur nostrud mollit do do reprehenderit anim officia irure commodo. Ullamco labore officia ullamco nulla irure in. Voluptate nisi aute veniam elit anim consectetur veniam consectetur est.', 'http://via.placeholder.com/400/', 'http://via.placeholder.com/400/?text=ICON', '2020-01-02 03:36:45'),
(5, 32, 37.713326, -122.423557, 'Anim commodo culpa nostrud elit velit eiusmod reprehenderit exercitation officia ullamco nisi. Aliqua laborum aliquip culpa eu ex veniam amet id ex do. Adipisicing duis excepteur nisi occaecat Lorem sint veniam laboris.', 'http://via.placeholder.com/400/', 'http://via.placeholder.com/400/?text=ICON', '2021-03-31 06:28:32'),
(6, 26, 37.744100, -122.392478, 'Cillum do laborum Lorem amet qui velit aliquip nulla. Velit elit et deserunt occaecat pariatur cupidatat consequat laboris. Est cupidatat dolore aliqua aute anim aute dolore ullamco fugiat in sit.', 'http://via.placeholder.com/400/', 'http://via.placeholder.com/400/?text=ICON', '2020-12-06 07:23:53'),
(7, 20, 37.769764, -122.484300, 'Cupidatat quis labore incididunt cillum eu excepteur non cillum eu voluptate ut irure do aute. Sint proident laboris velit veniam adipisicing exercitation non commodo laboris laboris sit. Reprehenderit veniam ad nostrud eu magna amet enim commodo dolor.', 'http://via.placeholder.com/400/', 'http://via.placeholder.com/400/?text=ICON', '2021-02-09 10:50:52'),
(8, 35, 37.754064, -122.445701, 'Eiusmod nostrud quis qui ex anim. Proident irure fugiat ullamco consequat amet irure nulla ipsum laboris id. Dolor exercitation amet sint culpa laboris laborum ipsum excepteur sit laboris.', 'http://via.placeholder.com/400/', 'http://via.placeholder.com/400/?text=ICON', '2020-01-20 05:18:03'),
(9, 14, 37.735854, -122.465946, 'Esse proident laboris Lorem sunt do excepteur deserunt pariatur magna adipisicing nostrud adipisicing consequat excepteur. Dolor consectetur laboris ea cupidatat non fugiat dolor id deserunt tempor. Labore fugiat esse excepteur ex adipisicing ut aute adipisicing et voluptate ex ut cillum quis.', 'http://via.placeholder.com/400/', 'http://via.placeholder.com/400/?text=ICON', '2021-10-04 05:08:36'),
(10, 25, 37.766906, -122.399513, 'Sint Lorem laboris sint aliqua ut laboris sint laboris quis. Est cupidatat nulla non aute enim aute. Velit do magna excepteur magna esse.', 'http://via.placeholder.com/400/', 'http://via.placeholder.com/400/?text=ICON', '2020-08-14 02:07:55'),
(11, 37, 37.773437, -122.432014, 'Reprehenderit amet qui consequat tempor eiusmod. Velit laborum irure ex qui dolore nostrud dolor nisi ipsum minim ea nostrud. Officia duis do ad proident elit ut velit velit esse commodo ex sit sunt culpa.', 'http://via.placeholder.com/400/', 'http://via.placeholder.com/400/?text=ICON', '2021-07-24 06:44:31'),
(12, 7, 37.736487, -122.395419, 'Magna minim enim occaecat id nisi. Lorem excepteur eiusmod excepteur commodo aliquip dolor ullamco. Mollit elit ea elit dolore commodo tempor.', 'http://via.placeholder.com/400/', 'http://via.placeholder.com/400/?text=ICON', '2020-09-23 10:21:04'),
(13, 23, 37.779194, -122.444560, 'Lorem nisi officia eiusmod consequat irure nulla sit incididunt et consequat sit laborum. Sit excepteur est do sunt est aute non nulla officia ipsum nulla pariatur. Dolore ullamco culpa qui ullamco ipsum reprehenderit esse sunt ipsum pariatur deserunt.', 'http://via.placeholder.com/400/', 'http://via.placeholder.com/400/?text=ICON', '2021-04-23 08:19:27'),
(14, 18, 37.787751, -122.390286, 'Culpa aliqua aliqua occaecat nulla ea aliquip qui ullamco pariatur sit eu. Est est velit qui sint cupidatat fugiat. Mollit et mollit do excepteur veniam dolor minim occaecat mollit in voluptate pariatur.', 'http://via.placeholder.com/400/', 'http://via.placeholder.com/400/?text=ICON', '2020-10-18 12:29:51'),
(15, 10, 37.730932, -122.447241, 'Dolore adipisicing eu non aliquip quis tempor excepteur magna. Aliquip aute ad fugiat consectetur id occaecat minim esse labore aliquip cupidatat. Laboris reprehenderit dolor laborum magna eu amet tempor aute cupidatat consequat.', 'http://via.placeholder.com/400/', 'http://via.placeholder.com/400/?text=ICON', '2020-08-12 12:14:29'),
(16, 19, 37.788785, -122.473108, 'Ipsum excepteur fugiat ullamco id laborum mollit nostrud qui et nisi sint occaecat. Labore nulla dolor est reprehenderit veniam voluptate ullamco amet dolor laborum. Ut quis dolor exercitation adipisicing culpa aliquip nostrud ex non proident.', 'http://via.placeholder.com/400/', 'http://via.placeholder.com/400/?text=ICON', '2020-03-16 05:21:05'),
(17, 31, 37.718333, -122.458482, 'Enim incididunt esse ullamco eu magna commodo ex. Tempor eiusmod et do eu incididunt nulla consequat proident fugiat fugiat irure. Ex sint aute labore consequat est enim cillum excepteur irure anim.', 'http://via.placeholder.com/400/', 'http://via.placeholder.com/400/?text=ICON', '2021-01-10 08:08:52'),
(18, 27, 37.775994, -122.391080, 'Aliquip veniam ipsum aute labore non veniam ea. Sit reprehenderit aliqua quis irure culpa ea commodo reprehenderit in ex ipsum consectetur esse culpa. Aute dolore consectetur adipisicing veniam enim in qui.', 'http://via.placeholder.com/400/', 'http://via.placeholder.com/400/?text=ICON', '2020-05-07 02:49:33'),
(19, 31, 37.770020, -122.457863, 'Consectetur elit nostrud nostrud veniam minim. Tempor quis laborum culpa voluptate do aliqua id. Deserunt cupidatat qui ullamco officia excepteur.', 'http://via.placeholder.com/400/', 'http://via.placeholder.com/400/?text=ICON', '2021-07-30 12:01:31'),
(20, 40, 37.775357, -122.442888, 'Culpa exercitation anim est officia excepteur magna qui aute ex anim ea excepteur. Ea sit reprehenderit officia ex esse minim non aute nulla aute. Irure quis sint Lorem exercitation laboris sit cillum ad magna adipisicing ut duis nisi.', 'http://via.placeholder.com/400/', 'http://via.placeholder.com/400/?text=ICON', '2021-06-14 06:24:40'),
(21, 29, 37.713452, -122.430438, 'Qui ut Lorem consectetur labore irure anim. Deserunt fugiat proident enim proident et Lorem laboris cillum consectetur veniam. Laboris occaecat voluptate ipsum aliqua aliquip irure sunt consectetur in culpa ut occaecat.', 'http://via.placeholder.com/400/', 'http://via.placeholder.com/400/?text=ICON', '2020-04-08 01:04:01'),
(22, 11, 37.734075, -122.478366, 'Nisi eu et ut proident nostrud reprehenderit culpa proident. Fugiat Lorem officia quis adipisicing laboris aliqua voluptate velit nulla ipsum minim sit. Lorem irure anim ipsum esse ex.', 'http://via.placeholder.com/400/', 'http://via.placeholder.com/400/?text=ICON', '2021-05-21 10:46:38'),
(23, 29, 37.733559, -122.456054, 'Ad ipsum reprehenderit tempor do officia. Cupidatat irure in aute veniam aliqua adipisicing. In velit dolore nisi laboris esse velit ad incididunt sit.', 'http://via.placeholder.com/400/', 'http://via.placeholder.com/400/?text=ICON', '2021-05-19 06:12:15'),
(24, 45, 37.762129, -122.393448, 'Qui aute deserunt consequat ipsum nostrud magna pariatur reprehenderit duis ut ullamco aute dolor labore. Aliqua incididunt ex sint irure. Ut nostrud culpa et ipsum irure esse Lorem.', 'http://via.placeholder.com/400/', 'http://via.placeholder.com/400/?text=ICON', '2020-08-24 08:26:29'),
(25, 31, 37.733029, -122.450895, 'Sit non amet non nostrud elit Lorem sunt velit enim aute ullamco eiusmod. Enim amet labore fugiat enim aliqua in sunt consectetur nisi laboris culpa pariatur. Commodo sunt in consectetur ex do ullamco aute voluptate voluptate enim ullamco officia.', 'http://via.placeholder.com/400/', 'http://via.placeholder.com/400/?text=ICON', '2020-11-12 05:51:24'),
(26, 16, 37.763677, -122.468381, 'Velit est amet qui consequat veniam laboris irure. Laboris ut ipsum eiusmod ipsum et ad sunt do laboris tempor aliquip ad. Id aliqua eu aliqua laboris elit quis officia ipsum enim aliquip ut velit duis ullamco.', 'http://via.placeholder.com/400/', 'http://via.placeholder.com/400/?text=ICON', '2020-09-08 12:49:16'),
(27, 25, 37.738896, -122.406165, 'Deserunt sit amet ad pariatur magna cillum labore adipisicing quis est enim. Ullamco id labore sit sunt in ipsum commodo. Sit voluptate ut deserunt dolore deserunt cupidatat amet minim incididunt ad velit.', 'http://via.placeholder.com/400/', 'http://via.placeholder.com/400/?text=ICON', '2021-08-01 05:55:31'),
(28, 44, 37.721133, -122.487377, 'Et ex non fugiat ea veniam sit veniam fugiat sit aliqua incididunt officia amet. Commodo laboris ullamco irure Lorem. Aute ad commodo ipsum sint dolore aliquip eiusmod ullamco officia ipsum consectetur.', 'http://via.placeholder.com/400/', 'http://via.placeholder.com/400/?text=ICON', '2021-08-09 03:58:45'),
(29, 20, 37.759675, -122.436652, 'Anim non Lorem ipsum dolor amet ex est exercitation. Ex tempor nostrud aute irure eiusmod officia sunt. Esse cupidatat laborum tempor enim adipisicing culpa magna exercitation qui duis.', 'http://via.placeholder.com/400/', 'http://via.placeholder.com/400/?text=ICON', '2020-06-28 01:24:06'),
(30, 14, 37.763016, -122.475086, 'Dolore et esse reprehenderit adipisicing pariatur duis pariatur duis irure est nisi qui. Aliqua eiusmod cupidatat in dolore. Quis exercitation reprehenderit reprehenderit reprehenderit et laborum dolore elit mollit ea sunt dolore do minim.', 'http://via.placeholder.com/400/', 'http://via.placeholder.com/400/?text=ICON', '2020-08-09 02:42:30'),
(31, 50, 37.718163, -122.416899, 'Nisi tempor labore ex pariatur irure cillum id nulla id eu consequat. Nisi non aliqua ut nisi nostrud incididunt. Duis anim anim commodo eu cupidatat eu quis.', 'http://via.placeholder.com/400/', 'http://via.placeholder.com/400/?text=ICON', '2021-01-07 01:58:23'),
(32, 30, 37.775257, -122.388940, 'Lorem non do magna irure nulla id voluptate ea. Enim pariatur non voluptate sit ex cupidatat nisi occaecat do velit fugiat aute occaecat. Labore consectetur deserunt nisi deserunt magna cupidatat velit ipsum et.', 'http://via.placeholder.com/400/', 'http://via.placeholder.com/400/?text=ICON', '2020-05-25 07:04:12'),
(33, 6, 37.767974, -122.405355, 'Ex ea fugiat ex eu ullamco non eu proident. Aliquip qui tempor quis reprehenderit exercitation ad excepteur aliquip. Consectetur laborum et non deserunt mollit aliqua elit eu mollit voluptate exercitation enim labore et.', 'http://via.placeholder.com/400/', 'http://via.placeholder.com/400/?text=ICON', '2020-06-05 01:49:44'),
(34, 24, 37.723498, -122.402578, 'Incididunt sit non reprehenderit sit minim nulla proident sint nulla consectetur magna. Tempor nostrud laborum eu nostrud tempor quis duis do pariatur culpa commodo laborum est excepteur. Proident eu sit excepteur consequat exercitation nostrud non ex est duis qui irure officia.', 'http://via.placeholder.com/400/', 'http://via.placeholder.com/400/?text=ICON', '2020-10-12 12:16:55'),
(35, 22, 37.751526, -122.436369, 'Est consequat minim tempor voluptate sint sunt veniam commodo do esse eu ut anim. Irure occaecat dolore occaecat irure ut Lorem sint nisi exercitation ex id. Id in nostrud ea Lorem ad magna ex tempor deserunt quis in Lorem sit eu.', 'http://via.placeholder.com/400/', 'http://via.placeholder.com/400/?text=ICON', '2021-02-15 03:22:07'),
(36, 3, 37.748870, -122.439350, 'Pariatur est laborum consectetur non sint excepteur commodo. Duis quis ea sint cupidatat deserunt do. Do labore in tempor nulla laborum consectetur sit reprehenderit dolor est.', 'http://via.placeholder.com/400/', 'http://via.placeholder.com/400/?text=ICON', '2020-10-27 09:00:19'),
(37, 7, 37.757009, -122.421139, 'Velit eu nostrud eu in irure ut aliqua eiusmod duis in aliquip ut in ad. Consequat pariatur reprehenderit minim ut ex incididunt. Ea qui sunt tempor do esse quis non pariatur incididunt labore consequat consectetur consequat.', 'http://via.placeholder.com/400/', 'http://via.placeholder.com/400/?text=ICON', '2020-03-06 05:54:50'),
(38, 24, 37.720324, -122.388556, 'Irure consectetur eiusmod magna ut. Magna voluptate deserunt commodo do duis irure non. Id deserunt labore cillum eu.', 'http://via.placeholder.com/400/', 'http://via.placeholder.com/400/?text=ICON', '2021-07-02 10:44:32'),
(39, 39, 37.732296, -122.436834, 'Eiusmod exercitation labore anim sint magna. Consequat et pariatur labore commodo ex mollit esse do. Ipsum mollit laborum incididunt proident voluptate ad eiusmod dolor nostrud ex.', 'http://via.placeholder.com/400/', 'http://via.placeholder.com/400/?text=ICON', '2021-02-19 03:54:42'),
(40, 40, 37.785536, -122.461843, 'Lorem amet ad culpa Lorem laboris ea tempor mollit eiusmod excepteur occaecat. Amet eu anim nostrud non velit reprehenderit occaecat minim deserunt commodo. Esse elit aliquip proident aliqua occaecat nostrud nisi minim pariatur.', 'http://via.placeholder.com/400/', 'http://via.placeholder.com/400/?text=ICON', '2020-06-02 05:17:29'),
(41, 28, 37.708383, -122.470553, 'Ea sint culpa dolore sit nisi sit esse ullamco et veniam velit. Anim do non ad exercitation aliqua eu culpa esse laboris. Cupidatat nisi mollit mollit in id dolor qui commodo laborum pariatur cupidatat ut.', 'http://via.placeholder.com/400/', 'http://via.placeholder.com/400/?text=ICON', '2020-11-08 07:12:27'),
(42, 24, 37.775023, -122.419614, 'Fugiat incididunt incididunt laborum adipisicing excepteur aliqua quis cupidatat sunt ea. Officia esse enim voluptate culpa aliqua esse anim nostrud fugiat sunt incididunt sit mollit veniam. Exercitation consequat laboris consectetur mollit dolore sint amet nisi veniam eiusmod ex.', 'http://via.placeholder.com/400/', 'http://via.placeholder.com/400/?text=ICON', '2020-07-13 02:25:51'),
(43, 35, 37.779209, -122.483653, 'Aliqua aliqua reprehenderit ut eu pariatur nostrud aliqua anim irure enim id ipsum. Magna tempor tempor nulla nisi elit occaecat culpa laboris. Nostrud tempor ea et et aliqua dolore.', 'http://via.placeholder.com/400/', 'http://via.placeholder.com/400/?text=ICON', '2021-05-30 03:44:02'),
(44, 4, 37.778876, -122.427592, 'In quis commodo esse tempor excepteur commodo do nisi exercitation. Tempor ut qui proident commodo non incididunt sint amet reprehenderit culpa nostrud. Eu amet sint ad ipsum fugiat adipisicing excepteur dolore deserunt dolor nulla qui voluptate commodo.', 'http://via.placeholder.com/400/', 'http://via.placeholder.com/400/?text=ICON', '2020-09-07 02:36:41'),
(45, 10, 37.741393, -122.476212, 'Officia culpa laborum in qui fugiat excepteur ipsum nisi. In veniam laboris nulla fugiat ullamco aute et do eu sint duis aliquip et. Ipsum sit commodo occaecat laborum veniam do dolore eiusmod laborum elit minim sint quis.', 'http://via.placeholder.com/400/', 'http://via.placeholder.com/400/?text=ICON', '2020-05-31 08:01:34'),
(46, 4, 37.749311, -122.440039, 'Ad elit quis ad laborum. Id non aliqua in officia. Non dolor proident veniam consectetur ipsum aliquip deserunt in nostrud.', 'http://via.placeholder.com/400/', 'http://via.placeholder.com/400/?text=ICON', '2021-01-21 07:29:12'),
(47, 42, 37.743813, -122.477644, 'Do eiusmod exercitation laborum mollit esse dolore. Amet ad eiusmod in est pariatur. Occaecat dolore eiusmod enim anim cupidatat consequat velit ad culpa dolore ad.', 'http://via.placeholder.com/400/', 'http://via.placeholder.com/400/?text=ICON', '2020-06-01 09:34:50'),
(48, 48, 37.715726, -122.408542, 'Aliquip qui ad ad labore deserunt ullamco eiusmod sint. Dolor mollit nisi voluptate laboris ad Lorem duis voluptate dolor est cillum sint. Qui nulla deserunt aute ad laboris Lorem aliqua quis amet minim.', 'http://via.placeholder.com/400/', 'http://via.placeholder.com/400/?text=ICON', '2020-08-30 11:32:09'),
(49, 20, 37.742250, -122.461039, 'Id sunt et eu nulla labore Lorem irure est nisi sint eiusmod ea amet. Qui voluptate anim aute eiusmod proident est qui duis consequat Lorem est irure nisi exercitation. Eu id dolore ex pariatur anim id veniam nisi amet voluptate.', 'http://via.placeholder.com/400/', 'http://via.placeholder.com/400/?text=ICON', '2020-12-22 07:43:30'),
(50, 32, 37.729172, -122.456580, 'Eiusmod cillum pariatur ea eu ullamco consectetur. Sit ullamco quis irure nostrud magna occaecat consequat voluptate culpa labore sit do proident magna. Minim veniam consectetur do deserunt eu nostrud consectetur magna.', 'http://via.placeholder.com/400/', 'http://via.placeholder.com/400/?text=ICON', '2020-10-30 08:37:53'),
(51, 32, 37.777928, -122.421652, 'Eiusmod mollit commodo sit elit proident consectetur commodo sunt. Aute consequat est officia ex. Reprehenderit id laboris do voluptate adipisicing commodo excepteur consectetur ad nisi sint aute.', 'http://via.placeholder.com/400/', 'http://via.placeholder.com/400/?text=ICON', '2020-07-25 01:16:56'),
(52, 43, 37.787118, -122.437092, 'Eiusmod enim aliqua veniam culpa officia irure cupidatat deserunt voluptate. Aliquip est officia excepteur et cillum quis sit anim. Commodo velit aliqua sit aliquip deserunt commodo anim velit pariatur ut proident excepteur.', 'http://via.placeholder.com/400/', 'http://via.placeholder.com/400/?text=ICON', '2021-02-04 07:25:20'),
(53, 28, 37.710138, -122.395950, 'Exercitation cupidatat consequat non dolor sit commodo occaecat mollit sunt non. Laborum nisi duis cupidatat eu duis do id occaecat laborum eu consectetur. Ex Lorem sit nulla culpa non enim.', 'http://via.placeholder.com/400/', 'http://via.placeholder.com/400/?text=ICON', '2021-08-29 07:07:34'),
(54, 8, 37.716433, -122.464958, 'Elit deserunt commodo deserunt esse incididunt laborum velit. Ut occaecat laboris aliqua cupidatat nulla velit adipisicing. Amet in ut eu dolor voluptate occaecat nulla ut laborum amet.', 'http://via.placeholder.com/400/', 'http://via.placeholder.com/400/?text=ICON', '2021-03-14 07:12:53'),
(55, 32, 37.708156, -122.436040, 'Commodo reprehenderit mollit fugiat id reprehenderit consectetur. Qui in in dolore laboris duis do dolore sint nostrud. Reprehenderit deserunt do dolore esse ullamco in commodo irure exercitation.', 'http://via.placeholder.com/400/', 'http://via.placeholder.com/400/?text=ICON', '2020-01-25 12:58:02'),
(56, 22, 37.782899, -122.415621, 'Officia amet incididunt mollit reprehenderit aute aliqua. Reprehenderit deserunt officia elit Lorem adipisicing mollit commodo pariatur adipisicing quis esse excepteur fugiat irure. Laborum ex anim mollit ullamco excepteur.', 'http://via.placeholder.com/400/', 'http://via.placeholder.com/400/?text=ICON', '2021-01-26 11:59:45'),
(57, 12, 37.736697, -122.445136, 'In tempor ullamco magna amet Lorem qui consectetur laborum aliquip veniam sunt. Excepteur aute deserunt esse eiusmod enim consectetur ullamco adipisicing dolor laboris dolor. Eiusmod cupidatat ad velit tempor Lorem aute aliqua velit magna et reprehenderit incididunt.', 'http://via.placeholder.com/400/', 'http://via.placeholder.com/400/?text=ICON', '2020-08-05 02:39:56'),
(58, 21, 37.746922, -122.485414, 'Ex tempor laboris voluptate duis dolore commodo in id occaecat officia mollit ullamco magna. Labore duis magna reprehenderit adipisicing proident occaecat amet sint et voluptate. Quis occaecat do id amet minim id ipsum laboris Lorem cupidatat deserunt est.', 'http://via.placeholder.com/400/', 'http://via.placeholder.com/400/?text=ICON', '2020-04-14 04:23:24'),
(59, 12, 37.742454, -122.438524, 'Ea tempor anim aute laboris id aliqua proident sint et. Officia ad consectetur eiusmod duis ea exercitation amet ex nulla occaecat irure qui. Quis anim quis duis proident pariatur proident.', 'http://via.placeholder.com/400/', 'http://via.placeholder.com/400/?text=ICON', '2021-04-27 09:33:14'),
(60, 28, 37.783348, -122.452475, 'Nisi magna minim culpa eu nostrud ad proident aliquip. Dolore est non qui excepteur pariatur eu voluptate occaecat fugiat. Ullamco pariatur culpa cupidatat dolor ea reprehenderit dolore reprehenderit.', 'http://via.placeholder.com/400/', 'http://via.placeholder.com/400/?text=ICON', '2020-11-26 05:17:27'),
(61, 29, 37.783341, -122.462911, 'Reprehenderit ut consectetur do sunt nisi. Culpa reprehenderit aliquip nisi do deserunt. Minim deserunt in amet ipsum laboris qui adipisicing dolore dolor fugiat elit ex.', 'http://via.placeholder.com/400/', 'http://via.placeholder.com/400/?text=ICON', '2021-08-02 09:37:52'),
(62, 38, 37.752783, -122.441637, 'Ex dolor do enim qui ad. Et esse ad velit minim commodo nostrud. Et eu pariatur commodo eu cupidatat incididunt enim cupidatat aliqua minim ad.', 'http://via.placeholder.com/400/', 'http://via.placeholder.com/400/?text=ICON', '2021-04-24 11:32:25'),
(63, 1, 37.716916, -122.423550, 'In qui ad laboris esse proident. Ex pariatur ea minim ea magna quis sint tempor voluptate id do nostrud labore. Exercitation et magna voluptate aliqua aliqua consectetur dolore laboris dolore ex.', 'http://via.placeholder.com/400/', 'http://via.placeholder.com/400/?text=ICON', '2020-08-19 05:34:25'),
(64, 11, 37.760928, -122.479277, 'Occaecat amet cupidatat consectetur id qui tempor veniam amet excepteur non exercitation veniam. Ex culpa magna officia officia magna officia enim est laboris officia deserunt labore. Consequat ad enim voluptate ad cillum eu laboris dolore et.', 'http://via.placeholder.com/400/', 'http://via.placeholder.com/400/?text=ICON', '2020-09-04 07:25:53'),
(65, 11, 37.736628, -122.479751, 'Ullamco consequat ex velit ad deserunt non anim nostrud nisi occaecat eu aliqua nulla Lorem. Proident quis excepteur quis Lorem est magna laborum ad laborum duis adipisicing excepteur. Qui dolor sint veniam ullamco ad nostrud fugiat qui ullamco cillum.', 'http://via.placeholder.com/400/', 'http://via.placeholder.com/400/?text=ICON', '2021-05-05 10:17:33'),
(66, 42, 37.721023, -122.416342, 'Proident nulla in eiusmod aliqua Lorem ex dolor do consectetur. Dolore nulla mollit laborum commodo elit aliqua officia laboris reprehenderit et non. Elit do enim elit ea ipsum excepteur dolore.', 'http://via.placeholder.com/400/', 'http://via.placeholder.com/400/?text=ICON', '2021-10-01 09:09:33'),
(67, 49, 37.786819, -122.467374, 'Laboris ipsum anim officia proident reprehenderit. Eiusmod in aliqua id deserunt ipsum laborum minim esse mollit. Eiusmod veniam sit consectetur anim veniam voluptate elit ipsum minim in.', 'http://via.placeholder.com/400/', 'http://via.placeholder.com/400/?text=ICON', '2021-09-07 06:21:10'),
(68, 34, 37.728441, -122.405966, 'Tempor consequat nostrud voluptate velit do aute cupidatat anim deserunt. Consectetur commodo ullamco occaecat officia sit exercitation. Dolore do elit aute proident sint dolor pariatur anim adipisicing duis labore irure fugiat non.', 'http://via.placeholder.com/400/', 'http://via.placeholder.com/400/?text=ICON', '2021-04-30 09:51:36'),
(69, 15, 37.780823, -122.453046, 'Minim laboris nulla ipsum cillum enim fugiat enim. Qui cupidatat do exercitation do aliquip elit labore velit. Minim deserunt reprehenderit esse mollit voluptate id velit.', 'http://via.placeholder.com/400/', 'http://via.placeholder.com/400/?text=ICON', '2021-01-21 09:56:36'),
(70, 43, 37.735381, -122.470555, 'Nostrud officia anim ea nisi officia occaecat cillum aliquip ea laborum velit velit officia. Et pariatur et veniam do. Tempor officia dolor quis dolor excepteur fugiat esse ipsum excepteur ullamco adipisicing commodo cupidatat.', 'http://via.placeholder.com/400/', 'http://via.placeholder.com/400/?text=ICON', '2020-09-06 11:47:53'),
(71, 45, 37.747654, -122.419633, 'Deserunt deserunt voluptate incididunt ad aliquip ut nostrud veniam in irure est reprehenderit consectetur. Pariatur sint nisi deserunt laboris commodo culpa commodo nostrud enim proident reprehenderit non. Minim consequat eu proident ipsum officia cillum officia minim nulla occaecat fugiat nisi laboris nostrud.', 'http://via.placeholder.com/400/', 'http://via.placeholder.com/400/?text=ICON', '2021-08-03 04:53:27'),
(72, 42, 37.764489, -122.448115, 'Incididunt aliquip laborum ipsum mollit et ut duis occaecat aliquip dolore reprehenderit amet. In ipsum consectetur ea irure cillum ad. Id reprehenderit duis ex irure laborum sunt qui non excepteur eu cillum nostrud.', 'http://via.placeholder.com/400/', 'http://via.placeholder.com/400/?text=ICON', '2021-02-05 03:44:45'),
(73, 43, 37.738763, -122.394526, 'Anim consequat pariatur duis ut nostrud velit minim ea labore consectetur nisi. Veniam elit mollit minim do ullamco adipisicing ea laborum. Do anim nulla quis culpa dolore sint sit proident.', 'http://via.placeholder.com/400/', 'http://via.placeholder.com/400/?text=ICON', '2020-12-12 09:24:14'),
(74, 29, 37.755774, -122.418165, 'Ipsum tempor dolore pariatur officia ex incididunt. Id Lorem cupidatat dolore mollit aliqua sint consequat. Deserunt proident in culpa cupidatat reprehenderit anim duis.', 'http://via.placeholder.com/400/', 'http://via.placeholder.com/400/?text=ICON', '2020-05-25 11:46:02'),
(75, 36, 37.779704, -122.389646, 'Voluptate voluptate laboris consectetur reprehenderit sint ad enim Lorem ea. Qui Lorem excepteur do qui culpa in fugiat esse commodo aliqua dolor. Est occaecat anim non qui duis ut voluptate veniam sunt incididunt qui fugiat.', 'http://via.placeholder.com/400/', 'http://via.placeholder.com/400/?text=ICON', '2021-09-15 11:45:17'),
(76, 40, 37.756458, -122.401268, 'Aliqua labore voluptate ullamco duis minim ipsum eiusmod proident dolor. Exercitation esse amet laborum magna enim adipisicing mollit ea proident eu anim dolore. Fugiat laborum Lorem ullamco nulla.', 'http://via.placeholder.com/400/', 'http://via.placeholder.com/400/?text=ICON', '2020-05-18 02:41:03'),
(77, 35, 37.731531, -122.408152, 'Nulla labore qui tempor cillum. Magna adipisicing voluptate irure sint labore aute nisi non. Fugiat officia est aliqua cillum tempor aliqua do id.', 'http://via.placeholder.com/400/', 'http://via.placeholder.com/400/?text=ICON', '2021-02-02 04:35:59'),
(78, 17, 37.727227, -122.388348, 'Ullamco nisi amet adipisicing consectetur esse enim pariatur laborum aliqua. Quis labore pariatur labore duis ullamco ut dolor pariatur dolore enim consequat incididunt. Et fugiat cillum ex irure dolor Lorem duis eiusmod ad eiusmod adipisicing amet irure.', 'http://via.placeholder.com/400/', 'http://via.placeholder.com/400/?text=ICON', '2021-04-26 10:15:57'),
(79, 3, 37.761988, -122.427940, 'Culpa dolore amet labore minim culpa. Velit nisi minim magna ex incididunt. Aute ex incididunt cillum labore.', 'http://via.placeholder.com/400/', 'http://via.placeholder.com/400/?text=ICON', '2021-02-19 10:49:51'),
(80, 34, 37.763196, -122.453733, 'Duis ipsum officia ex nisi excepteur et amet. Elit officia mollit nisi enim sint dolore ad aliqua sit aliquip eu labore commodo. Eiusmod nulla consectetur mollit non fugiat nulla voluptate deserunt fugiat reprehenderit duis.', 'http://via.placeholder.com/400/', 'http://via.placeholder.com/400/?text=ICON', '2021-03-04 06:45:49'),
(81, 18, 37.708818, -122.483956, 'Ipsum qui aliquip cupidatat labore do aliquip officia labore commodo Lorem officia. Aliqua labore mollit nostrud cupidatat. Veniam non qui velit enim voluptate amet ullamco incididunt consectetur Lorem consequat pariatur.', 'http://via.placeholder.com/400/', 'http://via.placeholder.com/400/?text=ICON', '2021-07-05 08:12:56'),
(82, 37, 37.762548, -122.486567, 'Qui quis est id ullamco tempor proident Lorem et est magna anim. Lorem labore incididunt do proident commodo laborum elit minim cillum anim fugiat non sit commodo. Quis tempor non cupidatat voluptate.', 'http://via.placeholder.com/400/', 'http://via.placeholder.com/400/?text=ICON', '2020-03-19 06:34:11'),
(83, 2, 37.712663, -122.418362, 'Quis reprehenderit laborum nulla eu ad minim amet. Officia cupidatat sit velit adipisicing id proident ipsum in cillum non nisi commodo. Laborum irure aute elit eiusmod duis.', 'http://via.placeholder.com/400/', 'http://via.placeholder.com/400/?text=ICON', '2021-06-14 02:35:12'),
(84, 38, 37.713783, -122.478967, 'Est consectetur consequat nulla aliquip aute eiusmod velit fugiat. Ipsum tempor Lorem cupidatat nisi culpa qui duis eiusmod ex nisi dolore veniam Lorem officia. Sint culpa eu aute excepteur exercitation anim dolor cillum aute fugiat fugiat ut dolor.', 'http://via.placeholder.com/400/', 'http://via.placeholder.com/400/?text=ICON', '2020-01-22 03:38:40'),
(85, 12, 37.730863, -122.394131, 'Excepteur irure deserunt laborum fugiat in duis quis ad sit anim qui. Deserunt ipsum eu est veniam. Velit officia labore non reprehenderit mollit irure nostrud magna nulla elit ut adipisicing eiusmod anim.', 'http://via.placeholder.com/400/', 'http://via.placeholder.com/400/?text=ICON', '2020-02-08 11:18:55'),
(86, 7, 37.733552, -122.420664, 'Consectetur eiusmod sit deserunt labore fugiat ullamco ex ex et pariatur. Incididunt proident laboris mollit consectetur sint. Sit nulla et excepteur amet aliqua reprehenderit labore culpa consectetur commodo ea nisi non.', 'http://via.placeholder.com/400/', 'http://via.placeholder.com/400/?text=ICON', '2021-08-08 02:46:17'),
(87, 11, 37.734376, -122.401362, 'Sunt dolor consequat labore consectetur sint nisi ea velit eiusmod nisi. Non pariatur voluptate sunt anim laboris aute. Et ad ut pariatur ut.', 'http://via.placeholder.com/400/', 'http://via.placeholder.com/400/?text=ICON', '2020-04-25 10:12:39'),
(88, 2, 37.745317, -122.473496, 'Duis nostrud officia tempor aute ea velit in mollit. Nisi in adipisicing incididunt nostrud ex proident voluptate nostrud Lorem. Duis mollit laborum et culpa et minim duis labore aute cupidatat sunt.', 'http://via.placeholder.com/400/', 'http://via.placeholder.com/400/?text=ICON', '2021-08-29 08:01:53'),
(89, 10, 37.766125, -122.446442, 'Aute ea elit quis consectetur voluptate elit aliqua. Fugiat aute dolore magna sunt amet. Fugiat adipisicing tempor elit ullamco officia officia eu quis et proident ex id.', 'http://via.placeholder.com/400/', 'http://via.placeholder.com/400/?text=ICON', '2021-10-12 01:47:21'),
(90, 7, 37.783206, -122.486427, 'Elit laborum qui cillum veniam. Excepteur est eu ex voluptate voluptate ipsum ipsum commodo. Ipsum ad sit exercitation irure cillum tempor duis reprehenderit aliqua.', 'http://via.placeholder.com/400/', 'http://via.placeholder.com/400/?text=ICON', '2020-07-13 10:36:53'),
(91, 25, 37.768848, -122.395084, 'Non ut laborum do cillum non officia do fugiat in laborum reprehenderit ex. Non mollit consectetur consectetur cupidatat aliqua do et aute dolor Lorem cupidatat laboris. Eiusmod voluptate amet ea dolor culpa est.', 'http://via.placeholder.com/400/', 'http://via.placeholder.com/400/?text=ICON', '2020-09-24 10:12:48'),
(92, 22, 37.769760, -122.414169, 'Et nisi consequat do aliquip. Magna nostrud cillum enim nulla velit cupidatat non. Laborum aliquip exercitation officia pariatur dolor officia irure aute excepteur in enim Lorem.', 'http://via.placeholder.com/400/', 'http://via.placeholder.com/400/?text=ICON', '2020-10-23 03:46:29'),
(93, 22, 37.715034, -122.414422, 'Fugiat dolor amet do pariatur est id ex voluptate aliqua. Excepteur ea anim ullamco enim fugiat veniam proident deserunt esse non. Sint in voluptate ipsum esse occaecat duis duis aliquip voluptate excepteur sint eiusmod proident laboris.', 'http://via.placeholder.com/400/', 'http://via.placeholder.com/400/?text=ICON', '2020-07-06 11:08:59'),
(94, 31, 37.770756, -122.426248, 'Id labore officia officia ullamco excepteur tempor. Ex adipisicing Lorem in ullamco veniam quis esse. Aliquip cillum non cillum amet laborum aliqua reprehenderit incididunt.', 'http://via.placeholder.com/400/', 'http://via.placeholder.com/400/?text=ICON', '2021-09-24 09:19:54'),
(95, 3, 37.782876, -122.442489, 'Ex cillum magna deserunt ut reprehenderit reprehenderit commodo dolor reprehenderit ex cupidatat minim ut. Ut amet nulla in eu Lorem et esse in eiusmod labore occaecat. Aliquip minim irure laboris incididunt ea amet ea ex sunt id.', 'http://via.placeholder.com/400/', 'http://via.placeholder.com/400/?text=ICON', '2020-03-29 11:13:42'),
(96, 22, 37.741820, -122.480444, 'Duis consequat esse culpa nisi sit. Deserunt et occaecat cillum non irure ex reprehenderit sit nostrud. Nostrud aute adipisicing reprehenderit occaecat cillum.', 'http://via.placeholder.com/400/', 'http://via.placeholder.com/400/?text=ICON', '2020-02-06 12:39:50'),
(97, 31, 37.776503, -122.478270, 'Aute cillum qui amet sit consequat laborum excepteur aliqua irure id voluptate. Deserunt velit voluptate laboris ea nisi mollit laboris anim consectetur. Consequat cupidatat culpa anim deserunt esse eiusmod cupidatat.', 'http://via.placeholder.com/400/', 'http://via.placeholder.com/400/?text=ICON', '2020-05-07 02:23:49'),
(98, 22, 37.775663, -122.444247, 'Sunt tempor exercitation incididunt minim pariatur tempor aliquip cupidatat. Excepteur id minim deserunt aute proident nisi anim anim. Ipsum nulla anim aliqua adipisicing labore consectetur.', 'http://via.placeholder.com/400/', 'http://via.placeholder.com/400/?text=ICON', '2021-05-19 09:13:21'),
(99, 12, 37.775468, -122.405211, 'Ea eu ad sit cillum irure quis deserunt ex aliquip mollit. Velit consectetur enim mollit cillum exercitation aliquip aliqua. Fugiat do proident occaecat enim.', 'http://via.placeholder.com/400/', 'http://via.placeholder.com/400/?text=ICON', '2021-08-12 04:29:56'),
(100, 46, 37.742385, -122.436519, 'Velit quis fugiat dolore quis. Id minim nulla ad non excepteur nostrud ullamco veniam tempor veniam excepteur. Sint aute do id consequat culpa.', 'http://via.placeholder.com/400/', 'http://via.placeholder.com/400/?text=ICON', '2020-06-25 02:27:59'),
(101, 30, 37.753892, -122.481379, 'In velit nisi voluptate consectetur enim dolor reprehenderit proident sit nulla aute sit fugiat aute. Qui minim cupidatat excepteur qui consequat tempor aliqua irure veniam. Cillum Lorem nulla voluptate consectetur consectetur minim eiusmod officia officia dolor ex tempor cupidatat cupidatat.', 'http://via.placeholder.com/400/', 'http://via.placeholder.com/400/?text=ICON', '2020-07-27 04:15:21'),
(102, 11, 37.725752, -122.439442, 'Excepteur do nulla ut mollit laboris consectetur pariatur ipsum cillum fugiat. Reprehenderit veniam officia commodo tempor enim. Incididunt in pariatur ipsum labore anim ut commodo ex.', 'http://via.placeholder.com/400/', 'http://via.placeholder.com/400/?text=ICON', '2021-02-25 06:41:58'),
(103, 39, 37.730437, -122.450666, 'Tempor cillum proident duis ad fugiat Lorem officia nostrud occaecat quis eiusmod. Ipsum proident deserunt fugiat non nostrud culpa culpa. Dolor cillum duis labore cupidatat cupidatat proident eu velit ad enim culpa.', 'http://via.placeholder.com/400/', 'http://via.placeholder.com/400/?text=ICON', '2021-08-29 08:51:23'),
(104, 8, 37.725801, -122.396386, 'Laborum eiusmod voluptate consectetur mollit sint nulla. Commodo exercitation sunt nulla reprehenderit qui quis ullamco. Id tempor ullamco do deserunt velit ipsum ullamco esse voluptate.', 'http://via.placeholder.com/400/', 'http://via.placeholder.com/400/?text=ICON', '2021-05-22 05:41:16'),
(105, 49, 37.730962, -122.403827, 'Dolor non cupidatat magna esse veniam in qui laboris in anim ad elit. Tempor pariatur deserunt exercitation ipsum velit velit eiusmod. Anim occaecat nostrud proident et elit in culpa culpa pariatur reprehenderit dolor consequat reprehenderit.', 'http://via.placeholder.com/400/', 'http://via.placeholder.com/400/?text=ICON', '2020-04-11 03:39:56'),
(106, 39, 37.707538, -122.487775, 'Qui excepteur culpa magna cupidatat ipsum excepteur pariatur Lorem exercitation. Reprehenderit proident laborum proident in sint labore ut cillum irure ad. Voluptate incididunt ut enim voluptate aliquip aute sunt eu irure sunt anim ut incididunt id.', 'http://via.placeholder.com/400/', 'http://via.placeholder.com/400/?text=ICON', '2021-09-27 08:54:25'),
(107, 30, 37.774014, -122.439217, 'Aute cillum mollit ea cillum nulla qui. Sunt laborum dolor eu esse incididunt nisi proident velit commodo. Esse pariatur aliqua occaecat qui adipisicing culpa commodo nostrud culpa.', 'http://via.placeholder.com/400/', 'http://via.placeholder.com/400/?text=ICON', '2021-07-09 04:57:55'),
(108, 39, 37.714694, -122.436771, 'Sit ipsum adipisicing veniam consequat cupidatat nisi duis aute officia nisi. Quis dolor ullamco veniam aliquip pariatur. Eu proident voluptate id reprehenderit dolore nisi reprehenderit.', 'http://via.placeholder.com/400/', 'http://via.placeholder.com/400/?text=ICON', '2020-09-22 04:21:11'),
(109, 10, 37.750878, -122.405677, 'Ad consequat occaecat proident eiusmod. Consequat Lorem mollit reprehenderit nostrud labore nisi amet nulla est est. Cillum anim et et velit labore id eiusmod nostrud.', 'http://via.placeholder.com/400/', 'http://via.placeholder.com/400/?text=ICON', '2020-09-15 04:58:35'),
(110, 20, 37.733812, -122.459442, 'Laborum proident do laboris laboris amet nostrud do minim voluptate nulla commodo commodo esse ea. Amet eu ullamco sunt pariatur. Dolor aliquip sunt aliquip est eiusmod cillum anim reprehenderit nostrud magna esse velit minim.', 'http://via.placeholder.com/400/', 'http://via.placeholder.com/400/?text=ICON', '2020-10-13 10:08:27'),
(111, 39, 37.743185, -122.455843, 'Ea reprehenderit aliquip cupidatat nulla officia aliqua. Lorem magna ut nulla est adipisicing sunt. Qui non adipisicing consequat proident aute nulla ex mollit minim duis pariatur fugiat.', 'http://via.placeholder.com/400/', 'http://via.placeholder.com/400/?text=ICON', '2021-10-29 05:39:54'),
(112, 50, 37.729009, -122.451088, 'Est exercitation eiusmod minim tempor exercitation duis est pariatur occaecat pariatur magna. Pariatur quis consequat ullamco esse quis mollit nostrud eu est id mollit laboris. Cupidatat do elit dolore dolor ullamco labore labore aliquip.', 'http://via.placeholder.com/400/', 'http://via.placeholder.com/400/?text=ICON', '2020-04-07 10:37:06'),
(113, 6, 37.753922, -122.468449, 'Aliqua in amet do adipisicing nulla laborum anim laborum. Sunt quis ad elit irure labore anim id tempor esse dolor velit anim eu. Minim sint exercitation dolor excepteur fugiat et dolor elit fugiat.', 'http://via.placeholder.com/400/', 'http://via.placeholder.com/400/?text=ICON', '2020-04-13 01:34:37'),
(114, 18, 37.785326, -122.401000, 'Fugiat ex sunt voluptate consequat enim aliquip laborum enim sint cupidatat consectetur esse labore eiusmod. Cillum fugiat incididunt quis est pariatur officia nisi adipisicing. Ullamco eiusmod ipsum velit esse nisi officia ex ad incididunt dolor.', 'http://via.placeholder.com/400/', 'http://via.placeholder.com/400/?text=ICON', '2020-05-10 05:37:50'),
(115, 31, 37.743318, -122.475840, 'Mollit sint adipisicing esse laborum velit. Sit do elit reprehenderit duis irure duis cillum officia. Voluptate do mollit officia irure dolor nostrud.', 'http://via.placeholder.com/400/', 'http://via.placeholder.com/400/?text=ICON', '2020-01-21 05:43:48'),
(116, 14, 37.726543, -122.457177, 'Anim esse esse aliqua aute eiusmod ullamco tempor. Proident reprehenderit reprehenderit do commodo tempor consectetur ea nulla occaecat magna. Sit id aliqua mollit quis ipsum velit deserunt irure exercitation aliquip minim.', 'http://via.placeholder.com/400/', 'http://via.placeholder.com/400/?text=ICON', '2021-02-24 11:32:52'),
(117, 48, 37.744025, -122.458873, 'Quis sint consequat dolore dolore exercitation in consequat voluptate cillum commodo pariatur ipsum. Officia ea irure in nostrud amet reprehenderit ea aute. Esse in id velit et qui non ipsum mollit ut.', 'http://via.placeholder.com/400/', 'http://via.placeholder.com/400/?text=ICON', '2020-03-20 08:42:11'),
(118, 36, 37.762306, -122.408009, 'Culpa officia id exercitation aute reprehenderit duis. Id ad ex veniam incididunt nulla. Excepteur deserunt eu esse quis cupidatat enim reprehenderit nostrud cillum ullamco nulla.', 'http://via.placeholder.com/400/', 'http://via.placeholder.com/400/?text=ICON', '2020-06-30 02:01:00'),
(119, 33, 37.777426, -122.485463, 'Reprehenderit cupidatat cillum eiusmod qui cillum veniam cillum quis exercitation. Dolor duis reprehenderit ullamco ut sit ullamco ad labore aliqua. Consequat reprehenderit nostrud consectetur ut aliquip.', 'http://via.placeholder.com/400/', 'http://via.placeholder.com/400/?text=ICON', '2020-09-01 09:23:54'),
(120, 24, 37.753183, -122.436723, 'Reprehenderit adipisicing consectetur consectetur elit reprehenderit labore cillum sunt voluptate velit enim cupidatat consequat. Aliqua ad adipisicing eu elit irure aliquip ea. Id voluptate tempor eiusmod esse.', 'http://via.placeholder.com/400/', 'http://via.placeholder.com/400/?text=ICON', '2020-10-03 11:29:06'),
(121, 19, 37.735299, -122.391402, 'Cillum ad occaecat velit in dolor magna mollit id reprehenderit nisi. Ut nulla enim do sunt tempor excepteur voluptate eu est sit eiusmod sint exercitation quis. Ad et sit ea Lorem.', 'http://via.placeholder.com/400/', 'http://via.placeholder.com/400/?text=ICON', '2020-09-21 03:38:02'),
(122, 24, 37.744617, -122.445564, 'Esse et duis ea labore nisi aute elit. Proident exercitation proident aute ipsum aliquip sunt velit velit magna. Adipisicing aliqua Lorem pariatur mollit consectetur velit excepteur ex aliquip exercitation amet voluptate ullamco.', 'http://via.placeholder.com/400/', 'http://via.placeholder.com/400/?text=ICON', '2020-06-09 07:03:32'),
(123, 12, 37.723323, -122.437117, 'Mollit ad dolore sunt ex officia in. Occaecat id velit ad officia. Ad nostrud excepteur ipsum commodo tempor laboris duis labore laboris nostrud est cillum minim.', 'http://via.placeholder.com/400/', 'http://via.placeholder.com/400/?text=ICON', '2020-11-01 11:42:49'),
(124, 13, 37.789973, -122.458181, 'Occaecat aliqua ea minim ea commodo dolor deserunt esse tempor dolor mollit ut exercitation voluptate. Irure nulla aliquip aute culpa irure deserunt Lorem. Pariatur ut ullamco in velit.', 'http://via.placeholder.com/400/', 'http://via.placeholder.com/400/?text=ICON', '2020-09-08 10:25:03'),
(125, 2, 37.731820, -122.470088, 'Occaecat aliquip consectetur sunt laborum ex excepteur id ipsum fugiat. Ut irure ipsum adipisicing id commodo consequat. Veniam nostrud pariatur cupidatat adipisicing magna adipisicing nostrud fugiat dolore pariatur.', 'http://via.placeholder.com/400/', 'http://via.placeholder.com/400/?text=ICON', '2020-02-11 10:37:10'),
(126, 3, 37.724574, -122.400290, 'Esse deserunt ullamco qui nulla quis dolor eu esse. Sit irure cillum anim enim aliqua ea ipsum eiusmod ea commodo consectetur excepteur. Mollit ex aliquip tempor commodo ea.', 'http://via.placeholder.com/400/', 'http://via.placeholder.com/400/?text=ICON', '2020-05-19 11:21:20'),
(127, 18, 37.778560, -122.401186, 'Elit incididunt ipsum magna irure ea ut quis culpa minim dolor magna magna eu velit. Consectetur eiusmod velit officia et do incididunt occaecat magna consectetur. Do commodo qui proident mollit nulla officia minim incididunt veniam ipsum quis aliqua.', 'http://via.placeholder.com/400/', 'http://via.placeholder.com/400/?text=ICON', '2020-12-30 08:28:40'),
(128, 32, 37.740180, -122.400175, 'Tempor quis et culpa aute enim dolore pariatur non ullamco non elit qui mollit. Culpa ea excepteur tempor excepteur culpa. Excepteur mollit commodo incididunt dolore consectetur nostrud eu excepteur sunt aute exercitation ullamco fugiat occaecat.', 'http://via.placeholder.com/400/', 'http://via.placeholder.com/400/?text=ICON', '2021-08-23 10:05:41'),
(129, 16, 37.775813, -122.460714, 'Voluptate dolore esse sunt exercitation sunt mollit reprehenderit id ut irure est aliqua. Elit aute minim est officia aliqua aliquip dolore nulla qui est cupidatat elit fugiat ea. Labore consectetur est quis fugiat ut duis elit est proident dolor laborum.', 'http://via.placeholder.com/400/', 'http://via.placeholder.com/400/?text=ICON', '2020-12-22 05:01:30'),
(130, 32, 37.771804, -122.398150, 'Velit esse magna officia exercitation adipisicing dolore ipsum dolore anim aliqua. Officia culpa in dolore id mollit pariatur sunt nulla. Consectetur minim et enim sint exercitation irure aliquip aliqua reprehenderit excepteur et.', 'http://via.placeholder.com/400/', 'http://via.placeholder.com/400/?text=ICON', '2020-11-11 05:54:19'),
(131, 33, 37.759420, -122.473969, 'Qui commodo proident sit fugiat qui. Ex fugiat nisi do deserunt commodo aliquip. Tempor incididunt culpa magna et culpa duis consequat in consectetur deserunt adipisicing dolor proident.', 'http://via.placeholder.com/400/', 'http://via.placeholder.com/400/?text=ICON', '2020-08-29 03:31:24'),
(132, 25, 37.714127, -122.400156, 'Aute ipsum cupidatat id culpa irure anim eiusmod. Excepteur dolor minim est commodo quis ullamco nisi aliqua dolore mollit ut. Sit consectetur cupidatat nostrud ullamco laborum deserunt non cupidatat eu sunt esse sit pariatur.', 'http://via.placeholder.com/400/', 'http://via.placeholder.com/400/?text=ICON', '2021-02-03 07:57:13'),
(133, 11, 37.729753, -122.477290, 'Dolore ipsum tempor voluptate qui velit eiusmod nulla irure incididunt magna officia exercitation. Do sunt exercitation dolor cillum eu ad cupidatat voluptate mollit. Ut ut pariatur nulla deserunt sint enim mollit aute nulla.', 'http://via.placeholder.com/400/', 'http://via.placeholder.com/400/?text=ICON', '2021-06-20 03:25:26'),
(134, 22, 37.775826, -122.398026, 'Laborum Lorem eiusmod quis qui qui ipsum sit mollit. Pariatur cupidatat velit consectetur adipisicing. Nulla mollit exercitation sunt dolor mollit cillum magna consequat reprehenderit amet eiusmod proident excepteur incididunt.', 'http://via.placeholder.com/400/', 'http://via.placeholder.com/400/?text=ICON', '2020-02-24 04:24:15'),
(135, 9, 37.778305, -122.400211, 'Veniam exercitation eiusmod minim mollit proident anim cupidatat excepteur voluptate commodo. Amet cupidatat deserunt labore Lorem do eu sit. Labore velit dolore exercitation magna deserunt qui in labore.', 'http://via.placeholder.com/400/', 'http://via.placeholder.com/400/?text=ICON', '2021-09-23 12:17:30'),
(136, 1, 37.727615, -122.484790, 'Officia labore occaecat velit qui aliqua. Voluptate elit non mollit laborum aliquip velit. Occaecat ad duis consectetur ea deserunt nulla ullamco ex incididunt.', 'http://via.placeholder.com/400/', 'http://via.placeholder.com/400/?text=ICON', '2020-07-04 10:57:20'),
(137, 33, 37.762624, -122.412210, 'In duis enim anim enim elit do incididunt quis laborum eu tempor mollit labore. Proident proident ex laboris culpa in Lorem Lorem. Ipsum id dolore quis et id reprehenderit irure nulla officia reprehenderit adipisicing.', 'http://via.placeholder.com/400/', 'http://via.placeholder.com/400/?text=ICON', '2020-12-21 06:37:07'),
(138, 20, 37.752658, -122.402402, 'Ea Lorem ipsum culpa eu sint laborum et commodo commodo quis non duis. Do voluptate eiusmod aliquip culpa voluptate reprehenderit deserunt. Reprehenderit magna id eu excepteur eiusmod dolor occaecat magna minim veniam pariatur et.', 'http://via.placeholder.com/400/', 'http://via.placeholder.com/400/?text=ICON', '2020-04-30 04:38:16'),
(139, 14, 37.718734, -122.417747, 'Commodo exercitation exercitation occaecat mollit quis elit labore magna voluptate id officia. Voluptate sit consequat eu cillum anim enim nostrud occaecat irure deserunt aliqua. Dolor veniam enim minim in irure est in sint irure irure consectetur.', 'http://via.placeholder.com/400/', 'http://via.placeholder.com/400/?text=ICON', '2021-01-26 02:21:01'),
(140, 14, 37.763270, -122.451869, 'Aute eiusmod dolor sint cillum qui est proident. Dolor dolor mollit labore labore consequat consequat consectetur. Incididunt dolore reprehenderit ea sint.', 'http://via.placeholder.com/400/', 'http://via.placeholder.com/400/?text=ICON', '2021-06-28 09:15:13'),
(141, 5, 37.764879, -122.391049, 'Sit tempor quis non adipisicing esse. Incididunt occaecat minim culpa id sint dolor irure mollit adipisicing aute nisi sunt occaecat fugiat. Ipsum dolor duis laboris consequat adipisicing id culpa.', 'http://via.placeholder.com/400/', 'http://via.placeholder.com/400/?text=ICON', '2020-10-14 06:18:11'),
(142, 45, 37.783333, -122.464831, 'Ex amet tempor ea proident eiusmod elit irure cillum id consectetur magna. Esse mollit anim incididunt Lorem voluptate duis anim ipsum et excepteur Lorem eu laboris ut. Elit eiusmod velit dolor sint voluptate.', 'http://via.placeholder.com/400/', 'http://via.placeholder.com/400/?text=ICON', '2021-02-28 07:11:30'),
(143, 30, 37.751026, -122.483986, 'Elit excepteur nisi officia reprehenderit proident. Nostrud laborum incididunt in officia. Aliqua quis Lorem incididunt ex.', 'http://via.placeholder.com/400/', 'http://via.placeholder.com/400/?text=ICON', '2020-06-21 08:06:13'),
(144, 3, 37.723866, -122.412315, 'Minim minim dolor cupidatat nulla esse velit sint adipisicing aute pariatur pariatur. Minim cupidatat laborum et deserunt est nisi Lorem ex enim et Lorem ex fugiat. Ipsum commodo do commodo occaecat consequat quis quis amet officia nisi minim est.', 'http://via.placeholder.com/400/', 'http://via.placeholder.com/400/?text=ICON', '2020-06-29 07:20:34'),
(145, 36, 37.751637, -122.461855, 'Ullamco esse veniam adipisicing consectetur anim in laborum cillum anim. Laboris voluptate ea tempor dolore cupidatat consectetur sunt consectetur eu quis. Aliquip enim voluptate quis deserunt sint ad voluptate mollit.', 'http://via.placeholder.com/400/', 'http://via.placeholder.com/400/?text=ICON', '2021-05-09 09:06:39');
INSERT INTO `track_locations` (`id`, `animal_id`, `lat`, `lng`, `description`, `photo`, `icon`, `date_create`) VALUES
(146, 6, 37.785931, -122.422529, 'Ullamco veniam adipisicing sit ea exercitation laborum dolor amet reprehenderit cillum sint aliquip. Laborum id non laboris Lorem est consequat cupidatat minim fugiat. Amet culpa reprehenderit culpa in ex pariatur.', 'http://via.placeholder.com/400/', 'http://via.placeholder.com/400/?text=ICON', '2020-05-17 11:10:14'),
(147, 27, 37.723636, -122.416007, 'Ad laborum eu incididunt ad magna culpa minim. Elit consequat voluptate ea laborum consectetur officia nulla exercitation anim labore. Aliquip magna officia minim pariatur incididunt sit culpa ipsum.', 'http://via.placeholder.com/400/', 'http://via.placeholder.com/400/?text=ICON', '2021-09-26 07:47:36'),
(148, 32, 37.785906, -122.476284, 'Dolore adipisicing eiusmod irure sunt voluptate labore ut sint non dolore nostrud aliqua sit excepteur. Sit eiusmod laborum adipisicing laboris minim officia cupidatat tempor sint nisi. Aute mollit magna magna elit dolore minim sit.', 'http://via.placeholder.com/400/', 'http://via.placeholder.com/400/?text=ICON', '2020-05-18 12:05:59'),
(149, 46, 37.785603, -122.485525, 'Magna esse voluptate dolor fugiat. Ut et deserunt culpa eu do sint aute. Proident consectetur voluptate ipsum consequat dolore sit ipsum.', 'http://via.placeholder.com/400/', 'http://via.placeholder.com/400/?text=ICON', '2020-08-23 08:59:54'),
(150, 18, 37.782959, -122.456334, 'Velit sint consequat nisi et Lorem est. Sunt amet incididunt culpa sit laborum nisi laborum ea excepteur. Officia minim laborum duis amet.', 'http://via.placeholder.com/400/', 'http://via.placeholder.com/400/?text=ICON', '2020-10-03 03:57:37'),
(151, 3, 37.779564, -122.409906, 'Aliquip do veniam consequat consectetur tempor do in ad ea veniam sint officia. Ex mollit fugiat elit ex labore pariatur ut in eu laboris nulla excepteur est dolore. Proident pariatur velit in commodo deserunt consectetur ut quis duis voluptate sit nisi.', 'http://via.placeholder.com/400/', 'http://via.placeholder.com/400/?text=ICON', '2021-06-23 10:21:03'),
(152, 1, 37.771395, -122.450286, 'Quis dolore irure aliquip ex excepteur exercitation ex minim do. Irure pariatur adipisicing consequat ex culpa id laboris. Consectetur est occaecat occaecat labore tempor in aute in veniam exercitation.', 'http://via.placeholder.com/400/', 'http://via.placeholder.com/400/?text=ICON', '2020-02-16 03:38:35'),
(153, 50, 37.771821, -122.395974, 'Id fugiat pariatur et ea labore ad labore sunt. Voluptate eu reprehenderit exercitation voluptate. Excepteur elit pariatur mollit Lorem.', 'http://via.placeholder.com/400/', 'http://via.placeholder.com/400/?text=ICON', '2021-02-27 06:39:22'),
(154, 26, 37.783948, -122.412038, 'Cupidatat adipisicing nostrud ut ullamco. Mollit amet labore laboris elit dolore excepteur exercitation nulla aliquip fugiat adipisicing. Aliqua aliqua consequat exercitation ex excepteur amet sunt aute elit in minim.', 'http://via.placeholder.com/400/', 'http://via.placeholder.com/400/?text=ICON', '2021-08-15 11:50:48'),
(155, 50, 37.747123, -122.437367, 'Veniam nulla culpa magna nisi sint id aliqua ex est. Tempor veniam ut enim do magna pariatur aliqua nulla proident exercitation. Aliqua occaecat cupidatat nulla laboris sint anim consectetur laboris laboris.', 'http://via.placeholder.com/400/', 'http://via.placeholder.com/400/?text=ICON', '2021-05-16 10:48:26'),
(156, 47, 37.732097, -122.394484, 'Non est ea cillum duis ullamco labore. Non adipisicing culpa ut tempor. Officia tempor aute nulla fugiat elit tempor.', 'http://via.placeholder.com/400/', 'http://via.placeholder.com/400/?text=ICON', '2021-04-26 10:22:58'),
(157, 18, 37.766068, -122.405193, 'Eu ullamco veniam sunt cillum tempor qui ea proident est sit deserunt culpa do dolore. Id esse labore velit ullamco nulla aliqua. Lorem anim nisi ut sint.', 'http://via.placeholder.com/400/', 'http://via.placeholder.com/400/?text=ICON', '2021-02-15 04:50:30'),
(158, 34, 37.757773, -122.429420, 'Labore nulla minim sit officia id velit occaecat labore proident. Quis nisi dolor dolor consequat. Officia elit qui qui nostrud nisi ullamco anim consequat adipisicing sunt mollit minim.', 'http://via.placeholder.com/400/', 'http://via.placeholder.com/400/?text=ICON', '2020-07-08 09:45:58'),
(159, 20, 37.729443, -122.433556, 'Culpa exercitation adipisicing aliqua nostrud aliquip fugiat. Officia ea laboris et do consectetur nulla ea ex Lorem. Ex ullamco dolor eiusmod adipisicing velit.', 'http://via.placeholder.com/400/', 'http://via.placeholder.com/400/?text=ICON', '2021-01-31 03:55:01'),
(160, 44, 37.782862, -122.432880, 'Magna voluptate ipsum cillum cupidatat ex ipsum magna laboris ex. Elit enim et mollit magna. Excepteur velit duis adipisicing nulla excepteur ex ex cupidatat cupidatat.', 'http://via.placeholder.com/400/', 'http://via.placeholder.com/400/?text=ICON', '2021-07-09 11:18:20'),
(161, 42, 37.726556, -122.461326, 'Dolor eiusmod consequat qui veniam. Veniam consequat dolore velit officia dolore ad nostrud aliquip adipisicing officia id non. Laboris sunt enim ex laborum magna incididunt nulla laborum.', 'http://via.placeholder.com/400/', 'http://via.placeholder.com/400/?text=ICON', '2021-07-10 09:19:48'),
(162, 9, 37.723689, -122.458884, 'Incididunt duis culpa et non excepteur elit ea qui quis pariatur Lorem adipisicing nostrud. Nostrud eiusmod esse do dolore Lorem ex officia. Reprehenderit sit dolore dolore velit elit est laborum est eu ut enim nulla.', 'http://via.placeholder.com/400/', 'http://via.placeholder.com/400/?text=ICON', '2020-04-03 07:20:16'),
(163, 19, 37.710235, -122.467917, 'Lorem cupidatat sunt irure sint sit. Duis reprehenderit esse aliquip laboris id. Dolore aute non tempor aute do ea Lorem enim aute in.', 'http://via.placeholder.com/400/', 'http://via.placeholder.com/400/?text=ICON', '2020-01-23 05:31:02'),
(164, 42, 37.712207, -122.389776, 'Excepteur est minim voluptate mollit voluptate ea et do qui non. Do dolor est eiusmod esse adipisicing Lorem excepteur voluptate ut esse. Tempor laboris laborum anim exercitation Lorem officia adipisicing esse sunt dolore aliqua ullamco.', 'http://via.placeholder.com/400/', 'http://via.placeholder.com/400/?text=ICON', '2021-07-07 11:36:10'),
(165, 10, 37.732483, -122.466820, 'Adipisicing labore excepteur Lorem cillum elit laboris dolore officia adipisicing fugiat consequat tempor. Dolore id magna deserunt minim eu ut cillum consectetur sint mollit laborum duis exercitation. Elit deserunt pariatur dolor nisi eu elit qui veniam laboris consectetur consectetur.', 'http://via.placeholder.com/400/', 'http://via.placeholder.com/400/?text=ICON', '2021-01-26 04:28:21'),
(166, 26, 37.756361, -122.432880, 'Anim enim aliquip nostrud ea consectetur incididunt dolor sint cupidatat quis fugiat officia. Consequat cupidatat ullamco sunt non ullamco fugiat veniam quis exercitation et velit est laborum aliqua. Aliquip eu commodo ut id cillum reprehenderit.', 'http://via.placeholder.com/400/', 'http://via.placeholder.com/400/?text=ICON', '2021-08-16 12:51:42'),
(167, 44, 37.750738, -122.404976, 'Magna aliquip irure non et excepteur non ea excepteur. Quis cupidatat aliqua in cillum reprehenderit consequat do mollit voluptate. Non ad minim pariatur ea dolore Lorem qui proident esse deserunt dolore.', 'http://via.placeholder.com/400/', 'http://via.placeholder.com/400/?text=ICON', '2020-05-05 08:29:34'),
(168, 29, 37.742382, -122.407212, 'Adipisicing adipisicing consectetur consectetur dolor non ad eiusmod deserunt cupidatat aute aliqua. Consequat pariatur et voluptate commodo dolore voluptate et velit dolor reprehenderit elit dolore. Amet nulla occaecat eu veniam Lorem voluptate commodo consequat duis.', 'http://via.placeholder.com/400/', 'http://via.placeholder.com/400/?text=ICON', '2020-07-15 03:18:07'),
(169, 39, 37.735820, -122.422521, 'Lorem ut elit ullamco id pariatur qui eiusmod aliquip sunt quis Lorem mollit ullamco. Est nulla reprehenderit reprehenderit do pariatur Lorem ipsum. Consequat cupidatat culpa anim ex Lorem velit ullamco consequat ea consequat.', 'http://via.placeholder.com/400/', 'http://via.placeholder.com/400/?text=ICON', '2021-10-09 03:00:34'),
(170, 26, 37.745057, -122.417760, 'Tempor velit amet tempor quis magna ad anim exercitation pariatur cillum esse culpa enim elit. Culpa anim labore do dolore aliquip amet. Sit magna ullamco esse ad tempor ut do consequat ut ex non Lorem.', 'http://via.placeholder.com/400/', 'http://via.placeholder.com/400/?text=ICON', '2021-03-20 10:18:20'),
(171, 46, 37.744945, -122.484369, 'Ex non eu deserunt exercitation commodo. Excepteur culpa laborum commodo ea proident dolore deserunt reprehenderit. Ex sunt duis laborum dolore tempor laborum.', 'http://via.placeholder.com/400/', 'http://via.placeholder.com/400/?text=ICON', '2021-01-28 01:58:00'),
(172, 4, 37.770381, -122.486623, 'Lorem id est nulla adipisicing velit occaecat ullamco nisi quis ex ut aute reprehenderit. Ullamco ut sint ullamco commodo nostrud quis do sint commodo eiusmod consectetur nostrud ea fugiat. Est dolore laboris fugiat irure sint occaecat consequat laboris sunt nulla esse eu id aliquip.', 'http://via.placeholder.com/400/', 'http://via.placeholder.com/400/?text=ICON', '2020-05-30 12:05:19'),
(173, 20, 37.729238, -122.441721, 'Anim quis do consequat culpa eiusmod consequat nisi quis dolor tempor exercitation eiusmod velit. Culpa non eiusmod fugiat dolore. Proident amet duis enim sit esse est in.', 'http://via.placeholder.com/400/', 'http://via.placeholder.com/400/?text=ICON', '2021-03-14 05:26:16'),
(174, 37, 37.726855, -122.398804, 'Non aliqua eiusmod enim ipsum adipisicing dolore ullamco cupidatat Lorem aliquip duis laborum adipisicing. Mollit Lorem sit proident aliqua occaecat ad fugiat minim officia. Non adipisicing ex fugiat adipisicing exercitation officia mollit.', 'http://via.placeholder.com/400/', 'http://via.placeholder.com/400/?text=ICON', '2021-09-03 11:52:11'),
(175, 19, 37.787244, -122.437703, 'Ut aliqua nulla cupidatat veniam anim et officia officia incididunt culpa magna eu. Sint labore cupidatat deserunt aliqua occaecat sint excepteur sint velit culpa ea aliquip magna. Eiusmod occaecat est aliqua amet.', 'http://via.placeholder.com/400/', 'http://via.placeholder.com/400/?text=ICON', '2020-06-28 07:21:06'),
(176, 39, 37.748393, -122.391635, 'Mollit adipisicing proident duis duis tempor aliqua fugiat amet. Minim quis deserunt labore non nisi aliquip et et fugiat. Consectetur laborum incididunt proident laborum duis culpa laboris.', 'http://via.placeholder.com/400/', 'http://via.placeholder.com/400/?text=ICON', '2021-10-07 09:36:43'),
(177, 6, 37.749509, -122.424014, 'Mollit Lorem ex sunt voluptate et cillum nisi et laborum. Voluptate irure est excepteur aute. Proident mollit elit ullamco excepteur fugiat sit minim eiusmod qui nulla cillum sunt ipsum.', 'http://via.placeholder.com/400/', 'http://via.placeholder.com/400/?text=ICON', '2021-04-06 01:40:18'),
(178, 41, 37.758087, -122.434847, 'Laborum tempor sunt ullamco quis ut aliquip esse officia aliquip nisi ad veniam amet duis. Ad enim fugiat dolor commodo officia irure veniam. Esse exercitation nostrud do ipsum ullamco elit tempor incididunt nulla voluptate aute adipisicing Lorem esse.', 'http://via.placeholder.com/400/', 'http://via.placeholder.com/400/?text=ICON', '2021-07-14 12:56:04'),
(179, 31, 37.716047, -122.414079, 'Voluptate ea sunt incididunt proident. Minim officia cupidatat aliqua eiusmod tempor sint ex. Laboris nostrud nostrud est pariatur Lorem aute eu.', 'http://via.placeholder.com/400/', 'http://via.placeholder.com/400/?text=ICON', '2020-06-04 06:04:49'),
(180, 32, 37.755504, -122.454576, 'Ullamco pariatur officia velit est dolor elit ea dolor occaecat dolor. Do eiusmod irure pariatur culpa pariatur est qui aliquip voluptate enim occaecat est non. Dolore pariatur ut voluptate irure dolor dolor ad cillum aliqua.', 'http://via.placeholder.com/400/', 'http://via.placeholder.com/400/?text=ICON', '2020-05-15 03:43:47'),
(181, 16, 37.749439, -122.421766, 'Minim ut esse magna ad irure in officia consequat ad in sint mollit elit. Exercitation laborum consectetur quis commodo cupidatat excepteur. Deserunt enim pariatur anim ullamco cupidatat.', 'http://via.placeholder.com/400/', 'http://via.placeholder.com/400/?text=ICON', '2021-05-16 10:13:20'),
(182, 44, 37.730996, -122.420459, 'Proident irure fugiat culpa pariatur nisi culpa ex duis ipsum cillum. Est officia Lorem culpa pariatur adipisicing reprehenderit Lorem duis proident ut id excepteur. Reprehenderit labore laborum deserunt quis officia.', 'http://via.placeholder.com/400/', 'http://via.placeholder.com/400/?text=ICON', '2020-04-16 07:09:09'),
(183, 4, 37.744414, -122.424376, 'Nostrud mollit elit deserunt ut esse Lorem eiusmod non. Veniam cupidatat qui quis id proident minim non ipsum mollit do cupidatat nulla. Proident nisi laboris nostrud eiusmod sit enim aliqua mollit velit excepteur nulla.', 'http://via.placeholder.com/400/', 'http://via.placeholder.com/400/?text=ICON', '2021-01-14 04:54:48'),
(184, 10, 37.731616, -122.411392, 'Ex qui pariatur veniam esse esse reprehenderit Lorem cupidatat quis. Reprehenderit ullamco esse minim mollit eiusmod enim exercitation minim deserunt enim cillum consequat eu aliquip. Consequat excepteur sint minim officia duis pariatur ullamco id cupidatat deserunt esse ipsum elit.', 'http://via.placeholder.com/400/', 'http://via.placeholder.com/400/?text=ICON', '2020-08-03 08:29:15'),
(185, 34, 37.785497, -122.411397, 'Exercitation Lorem labore pariatur aute quis enim nulla excepteur Lorem nisi magna fugiat. Id nisi ut est ut deserunt reprehenderit velit Lorem ullamco. Amet enim eu velit aliqua aliquip incididunt sit sunt ipsum laborum cupidatat ex.', 'http://via.placeholder.com/400/', 'http://via.placeholder.com/400/?text=ICON', '2021-03-03 03:29:55'),
(186, 23, 37.740922, -122.419703, 'Laboris sunt est velit cupidatat exercitation sint ea ad. Dolore ipsum officia consequat veniam aliqua esse commodo sint. Duis ad irure cupidatat ullamco id.', 'http://via.placeholder.com/400/', 'http://via.placeholder.com/400/?text=ICON', '2020-12-05 05:54:07'),
(187, 8, 37.776310, -122.481379, 'Aliqua incididunt consequat pariatur culpa deserunt. Adipisicing ut exercitation dolore elit proident ad sit reprehenderit laborum amet ex deserunt sunt non. Voluptate ullamco minim magna dolor.', 'http://via.placeholder.com/400/', 'http://via.placeholder.com/400/?text=ICON', '2021-09-11 07:49:49'),
(188, 33, 37.771097, -122.477021, 'Nostrud id laboris sit nostrud veniam in voluptate duis. Ullamco est quis nulla adipisicing ipsum excepteur. Et ut exercitation labore incididunt minim labore minim occaecat nostrud officia ipsum nostrud adipisicing laboris.', 'http://via.placeholder.com/400/', 'http://via.placeholder.com/400/?text=ICON', '2021-04-08 07:32:39'),
(189, 2, 37.754575, -122.423899, 'Tempor sunt eu eiusmod amet nostrud cillum excepteur. Velit nostrud id aliquip officia dolore commodo ex proident sunt nulla sit nulla. Proident culpa cillum irure amet veniam dolor.', 'http://via.placeholder.com/400/', 'http://via.placeholder.com/400/?text=ICON', '2020-09-17 05:44:50'),
(190, 43, 37.778288, -122.482974, 'Anim sunt eiusmod ullamco dolor dolor sint fugiat mollit magna anim nisi occaecat nulla. Cillum Lorem pariatur laborum occaecat. Exercitation officia enim eiusmod elit in do aliquip eiusmod irure tempor.', 'http://via.placeholder.com/400/', 'http://via.placeholder.com/400/?text=ICON', '2020-01-09 06:56:41'),
(191, 15, 37.763567, -122.449909, 'Deserunt aliquip cillum occaecat eu exercitation. Adipisicing in consequat veniam culpa minim aliquip cillum cupidatat veniam anim reprehenderit. Consequat eu aliquip ad pariatur dolore excepteur sunt reprehenderit occaecat ipsum.', 'http://via.placeholder.com/400/', 'http://via.placeholder.com/400/?text=ICON', '2020-09-08 10:47:06'),
(192, 17, 37.752061, -122.438088, 'Quis elit consectetur commodo anim. Eu consectetur adipisicing dolore officia do id esse do aliquip consectetur nisi elit. Eiusmod ex aliquip nostrud consequat mollit aute reprehenderit enim deserunt sit excepteur officia elit consequat.', 'http://via.placeholder.com/400/', 'http://via.placeholder.com/400/?text=ICON', '2020-06-18 05:18:56'),
(193, 15, 37.755482, -122.423688, 'Cillum enim nostrud id labore labore nostrud sunt. Culpa mollit eiusmod Lorem deserunt est. Duis minim dolor elit quis minim proident pariatur ea esse in mollit.', 'http://via.placeholder.com/400/', 'http://via.placeholder.com/400/?text=ICON', '2020-12-21 08:27:36'),
(194, 48, 37.749523, -122.483020, 'Ad eiusmod ex et consectetur in exercitation deserunt laboris aliqua fugiat labore quis officia qui. Commodo dolor minim commodo duis adipisicing in sunt ex in minim nulla sunt minim sunt. Incididunt sit sunt exercitation proident culpa laborum pariatur commodo.', 'http://via.placeholder.com/400/', 'http://via.placeholder.com/400/?text=ICON', '2021-02-27 12:27:45'),
(195, 13, 37.780790, -122.440002, 'Aliquip ullamco dolor culpa fugiat ut ex qui laboris esse qui duis excepteur duis. Commodo nisi adipisicing elit ea labore. Tempor laboris aliqua aute sint laborum duis.', 'http://via.placeholder.com/400/', 'http://via.placeholder.com/400/?text=ICON', '2021-02-27 06:52:57'),
(196, 44, 37.717016, -122.420152, 'Elit aliquip do qui deserunt Lorem nostrud voluptate fugiat eiusmod officia ut excepteur sit irure. Mollit commodo do elit ea veniam ullamco. Tempor magna amet sit aute ex cupidatat tempor ad cupidatat aute eiusmod occaecat.', 'http://via.placeholder.com/400/', 'http://via.placeholder.com/400/?text=ICON', '2021-08-21 11:31:32'),
(197, 49, 37.726270, -122.427147, 'Lorem anim est duis est elit consectetur ea do incididunt ad eiusmod tempor. Occaecat esse ipsum dolor ullamco id nulla. Ullamco eu fugiat amet excepteur sit dolore.', 'http://via.placeholder.com/400/', 'http://via.placeholder.com/400/?text=ICON', '2021-03-14 09:43:28'),
(198, 2, 37.721774, -122.463137, 'Reprehenderit quis nulla sit culpa proident. Incididunt mollit duis fugiat dolore sunt magna sit nisi deserunt Lorem. Aliqua et aliquip duis ea dolor proident ea.', 'http://via.placeholder.com/400/', 'http://via.placeholder.com/400/?text=ICON', '2021-03-03 07:23:03'),
(199, 38, 37.777101, -122.412568, 'Quis ea nulla deserunt eu duis eiusmod reprehenderit cillum elit laborum aliqua. Ipsum sunt duis Lorem incididunt laborum sunt nisi cupidatat cillum culpa eu consectetur non. In eiusmod excepteur id ex commodo qui.', 'http://via.placeholder.com/400/', 'http://via.placeholder.com/400/?text=ICON', '2020-06-20 09:05:50'),
(200, 38, 37.786171, -122.486631, 'Voluptate fugiat nulla pariatur sit. Do nulla aliqua amet Lorem cupidatat laborum id. Nostrud deserunt pariatur cillum laboris adipisicing excepteur deserunt adipisicing aute consequat sint amet.', 'http://via.placeholder.com/400/', 'http://via.placeholder.com/400/?text=ICON', '2021-05-31 03:22:58'),
(201, 9, 37.752089, -122.428039, 'Culpa minim laboris ut ullamco eu labore magna sit labore. Minim ullamco amet culpa nisi nisi ipsum ut aliqua. Non ea nisi aliqua ea in.', 'http://via.placeholder.com/400/', 'http://via.placeholder.com/400/?text=ICON', '2020-01-15 06:43:02'),
(202, 27, 37.727460, -122.414521, 'Nisi laboris officia cupidatat mollit in ad dolore nulla et mollit eu. Qui voluptate ea duis officia irure incididunt ipsum eiusmod aliqua do. Aute cupidatat est eu et sint.', 'http://via.placeholder.com/400/', 'http://via.placeholder.com/400/?text=ICON', '2021-08-20 12:41:04'),
(203, 38, 37.708342, -122.449024, 'Est voluptate sit esse consequat cupidatat Lorem. Non laboris dolore do consequat proident quis. Consectetur exercitation incididunt occaecat incididunt nulla incididunt eu commodo nisi incididunt ut non.', 'http://via.placeholder.com/400/', 'http://via.placeholder.com/400/?text=ICON', '2020-01-17 09:34:56'),
(204, 36, 37.713605, -122.413036, 'Enim ut velit occaecat ipsum dolor nisi nulla velit. In id incididunt eu adipisicing aliquip deserunt anim nulla do officia veniam. Dolor pariatur adipisicing consectetur et officia do nulla labore ex.', 'http://via.placeholder.com/400/', 'http://via.placeholder.com/400/?text=ICON', '2021-03-20 08:58:59'),
(205, 37, 37.741206, -122.450412, 'Sunt cillum aute deserunt incididunt velit in. Dolore laborum in commodo minim aliquip ullamco sit consectetur qui commodo excepteur commodo tempor. Exercitation est dolore ullamco fugiat excepteur Lorem esse fugiat irure amet Lorem ex laborum.', 'http://via.placeholder.com/400/', 'http://via.placeholder.com/400/?text=ICON', '2021-09-19 11:35:58'),
(206, 4, 37.765414, -122.487917, 'Ullamco Lorem quis reprehenderit dolor. Veniam pariatur mollit sint exercitation elit incididunt eiusmod dolore Lorem ex qui commodo fugiat. Enim do voluptate labore nostrud cillum laboris exercitation.', 'http://via.placeholder.com/400/', 'http://via.placeholder.com/400/?text=ICON', '2021-02-18 05:27:40'),
(207, 30, 37.715631, -122.390579, 'Labore mollit in incididunt excepteur fugiat sunt duis ea. Dolor laboris consequat ipsum elit in amet anim laboris elit ipsum. Aute fugiat non esse fugiat.', 'http://via.placeholder.com/400/', 'http://via.placeholder.com/400/?text=ICON', '2020-07-13 01:58:24'),
(208, 40, 37.714548, -122.398815, 'Lorem occaecat elit cupidatat dolore adipisicing elit. Lorem excepteur tempor anim voluptate. Proident culpa consectetur occaecat fugiat anim in deserunt fugiat officia ullamco sit.', 'http://via.placeholder.com/400/', 'http://via.placeholder.com/400/?text=ICON', '2021-06-23 08:17:30'),
(209, 21, 37.755539, -122.424346, 'Et deserunt et cupidatat id proident eiusmod minim consectetur excepteur sit eiusmod sint. Nisi excepteur dolor sint ullamco qui laborum deserunt non deserunt sint. In anim quis reprehenderit enim.', 'http://via.placeholder.com/400/', 'http://via.placeholder.com/400/?text=ICON', '2020-07-12 04:41:01'),
(210, 1, 37.716573, -122.460527, 'Nulla elit aute enim eiusmod amet sit amet deserunt minim sint. Ad quis cupidatat laborum aute consectetur commodo enim ea dolore dolor dolore ex ad quis. Nostrud consectetur nostrud incididunt nostrud irure.', 'http://via.placeholder.com/400/', 'http://via.placeholder.com/400/?text=ICON', '2021-09-21 11:31:39'),
(211, 16, 37.766951, -122.471224, 'Id in non eiusmod aute. Ipsum culpa do deserunt irure sit. Dolore eiusmod non esse commodo in ullamco consectetur pariatur.', 'http://via.placeholder.com/400/', 'http://via.placeholder.com/400/?text=ICON', '2021-05-05 08:05:05'),
(212, 13, 37.758900, -122.477742, 'Veniam laborum incididunt in irure elit nulla enim adipisicing fugiat mollit labore ut id in. Incididunt eiusmod nisi quis dolor eu quis adipisicing. Esse consectetur incididunt tempor enim nostrud laborum amet ullamco.', 'http://via.placeholder.com/400/', 'http://via.placeholder.com/400/?text=ICON', '2021-04-30 04:05:01'),
(213, 31, 37.723222, -122.457349, 'Reprehenderit commodo sint nisi pariatur consequat. Exercitation cupidatat adipisicing deserunt officia Lorem eu anim reprehenderit sunt labore commodo laborum deserunt pariatur. Nisi aliqua esse nulla deserunt velit voluptate elit ut reprehenderit.', 'http://via.placeholder.com/400/', 'http://via.placeholder.com/400/?text=ICON', '2021-08-21 02:38:00'),
(214, 45, 37.713942, -122.391025, 'Non Lorem proident dolor ipsum et ut adipisicing tempor commodo quis incididunt velit labore deserunt. Sunt veniam nulla consequat nostrud sit sit ut id proident. Nostrud ullamco ad dolor elit.', 'http://via.placeholder.com/400/', 'http://via.placeholder.com/400/?text=ICON', '2021-09-24 05:56:11'),
(215, 49, 37.780860, -122.481943, 'Ullamco officia nulla ipsum irure ullamco. Amet enim laboris id ex exercitation. Nostrud labore elit consequat veniam voluptate qui aute aute enim.', 'http://via.placeholder.com/400/', 'http://via.placeholder.com/400/?text=ICON', '2021-10-04 11:20:41'),
(216, 5, 37.775881, -122.429106, 'Laboris sunt ea et irure amet et deserunt. Proident enim anim deserunt ullamco pariatur labore commodo esse ullamco sit mollit. Nisi fugiat ipsum ad est laborum Lorem commodo reprehenderit minim non in enim.', 'http://via.placeholder.com/400/', 'http://via.placeholder.com/400/?text=ICON', '2021-05-27 11:28:39'),
(217, 32, 37.740357, -122.455734, 'Est duis aute aliqua aliqua consectetur nulla. Aute do id fugiat minim nulla incididunt ex enim laborum ullamco deserunt elit mollit. Adipisicing quis aliquip qui magna culpa aliquip.', 'http://via.placeholder.com/400/', 'http://via.placeholder.com/400/?text=ICON', '2021-01-04 06:05:26'),
(218, 3, 37.727535, -122.456150, 'Ea occaecat pariatur laborum qui cillum nulla adipisicing culpa cillum. Ex do amet consectetur eu mollit cupidatat excepteur ut aute occaecat pariatur amet velit culpa. Reprehenderit voluptate velit commodo veniam sint mollit culpa.', 'http://via.placeholder.com/400/', 'http://via.placeholder.com/400/?text=ICON', '2020-08-21 04:58:42'),
(219, 49, 37.715293, -122.461600, 'Est dolor veniam ipsum Lorem do laborum deserunt. Veniam tempor aliqua proident ex excepteur deserunt ex fugiat. In excepteur aute laboris eiusmod fugiat dolor aliqua.', 'http://via.placeholder.com/400/', 'http://via.placeholder.com/400/?text=ICON', '2021-02-26 04:20:20'),
(220, 10, 37.744393, -122.443225, 'Reprehenderit nostrud nisi velit ex et nisi qui nulla id labore commodo officia aute ut. Ex aliqua et mollit consequat nulla Lorem. Sit dolore ut reprehenderit est cillum dolor ea fugiat.', 'http://via.placeholder.com/400/', 'http://via.placeholder.com/400/?text=ICON', '2020-10-21 08:14:46'),
(221, 23, 37.718527, -122.411110, 'Veniam ut veniam nulla amet proident. Ullamco veniam exercitation cupidatat velit sint labore sunt ullamco cillum. Proident cupidatat exercitation qui exercitation nulla exercitation non cupidatat ad irure dolor deserunt.', 'http://via.placeholder.com/400/', 'http://via.placeholder.com/400/?text=ICON', '2020-08-26 02:25:53'),
(222, 21, 37.726078, -122.478210, 'Dolor qui esse commodo cillum non incididunt pariatur ullamco commodo Lorem amet. Eiusmod ad pariatur laborum ullamco consectetur cupidatat in labore fugiat. Est elit tempor consectetur officia officia laboris dolor ad Lorem amet dolore.', 'http://via.placeholder.com/400/', 'http://via.placeholder.com/400/?text=ICON', '2021-05-28 08:17:38'),
(223, 12, 37.782726, -122.436350, 'Aliqua est et labore mollit labore quis minim ut elit nulla. Quis nostrud anim mollit mollit in elit eu non aliqua fugiat voluptate nostrud ea fugiat. Sunt ut sit sunt cillum quis aliqua dolor.', 'http://via.placeholder.com/400/', 'http://via.placeholder.com/400/?text=ICON', '2020-04-20 10:10:05'),
(224, 27, 37.769636, -122.392764, 'Dolore magna anim cillum ad dolore ad quis mollit nostrud elit adipisicing duis dolore. Do duis sint ad commodo laboris ea id nulla ut est aliqua voluptate consectetur. Ad laborum ea eiusmod enim occaecat et occaecat non et aliquip.', 'http://via.placeholder.com/400/', 'http://via.placeholder.com/400/?text=ICON', '2020-05-15 04:30:10'),
(225, 43, 37.771083, -122.411006, 'Exercitation do laborum culpa culpa occaecat quis do adipisicing fugiat dolore. Exercitation esse sunt quis qui dolor esse nostrud anim eiusmod sit incididunt incididunt enim labore. Excepteur commodo aliquip fugiat est reprehenderit labore anim aliquip id sint deserunt dolor ullamco.', 'http://via.placeholder.com/400/', 'http://via.placeholder.com/400/?text=ICON', '2021-04-10 12:26:53'),
(226, 45, 37.759890, -122.390816, 'Anim ut amet deserunt eiusmod amet enim. Aliqua deserunt esse non adipisicing exercitation proident elit pariatur dolor sint aliqua. Ipsum nulla tempor veniam magna sit consectetur.', 'http://via.placeholder.com/400/', 'http://via.placeholder.com/400/?text=ICON', '2021-03-06 03:53:53'),
(227, 48, 37.780261, -122.396121, 'Anim aliqua et exercitation cillum non voluptate occaecat nisi sint eiusmod nisi duis. Irure dolor ut et elit esse dolor excepteur et laborum esse nulla do. Sint incididunt nostrud irure eu voluptate quis qui cupidatat eiusmod.', 'http://via.placeholder.com/400/', 'http://via.placeholder.com/400/?text=ICON', '2020-05-27 06:48:46'),
(228, 15, 37.718545, -122.409620, 'Quis dolore ad et duis voluptate est adipisicing. Ullamco exercitation consequat labore quis commodo id. Amet eiusmod elit cillum nostrud cupidatat officia do quis exercitation laborum anim id eiusmod est.', 'http://via.placeholder.com/400/', 'http://via.placeholder.com/400/?text=ICON', '2021-07-05 10:39:06'),
(229, 48, 37.764919, -122.459044, 'Consequat irure labore dolor do incididunt esse ipsum exercitation velit quis adipisicing. Nisi ut deserunt cillum irure non sunt exercitation officia sint. Non id sit aliquip incididunt deserunt esse ipsum adipisicing anim proident.', 'http://via.placeholder.com/400/', 'http://via.placeholder.com/400/?text=ICON', '2021-10-21 09:13:04'),
(230, 50, 37.788279, -122.451518, 'Est esse eu duis amet ipsum sit consectetur velit aute laborum velit. Id duis exercitation aute voluptate esse qui anim pariatur incididunt laboris mollit aliqua. Deserunt non culpa est esse dolore laborum.', 'http://via.placeholder.com/400/', 'http://via.placeholder.com/400/?text=ICON', '2021-04-29 08:08:46'),
(231, 5, 37.752892, -122.392431, 'Dolore deserunt aliqua nisi ut deserunt pariatur elit ipsum duis eu. Esse eu minim irure laborum adipisicing ullamco ex laboris irure id mollit proident non. Voluptate sunt tempor ad consequat cillum laboris mollit ea exercitation dolor occaecat.', 'http://via.placeholder.com/400/', 'http://via.placeholder.com/400/?text=ICON', '2021-03-07 03:17:39'),
(232, 10, 37.749546, -122.480296, 'Ex sunt consectetur consequat deserunt exercitation. Laborum ad minim aliquip amet consectetur in nulla cupidatat minim aliqua anim id amet eu. Adipisicing adipisicing exercitation Lorem mollit esse mollit id.', 'http://via.placeholder.com/400/', 'http://via.placeholder.com/400/?text=ICON', '2020-04-16 02:49:02'),
(233, 4, 37.726751, -122.438160, 'Consectetur exercitation ullamco nulla amet id pariatur adipisicing enim commodo duis nostrud. Officia quis sit minim reprehenderit est est ullamco proident. Commodo adipisicing ex ex ipsum esse duis duis.', 'http://via.placeholder.com/400/', 'http://via.placeholder.com/400/?text=ICON', '2020-07-29 11:01:23'),
(234, 38, 37.757024, -122.487899, 'Occaecat laborum reprehenderit reprehenderit sit laborum aliquip exercitation sint est tempor proident aliqua. Dolor sunt eiusmod exercitation amet aliqua nostrud culpa incididunt nulla culpa nulla minim nostrud ullamco. Mollit in nostrud officia ullamco adipisicing magna in sunt aliquip.', 'http://via.placeholder.com/400/', 'http://via.placeholder.com/400/?text=ICON', '2020-02-25 07:16:09'),
(235, 28, 37.744174, -122.394912, 'Cillum irure enim veniam exercitation sunt anim occaecat. Aliqua deserunt occaecat proident id. Eu esse esse anim reprehenderit.', 'http://via.placeholder.com/400/', 'http://via.placeholder.com/400/?text=ICON', '2021-07-17 11:22:58'),
(236, 6, 37.749840, -122.470022, 'Voluptate enim laborum officia anim duis cillum veniam sunt nulla officia non sint consequat mollit. Laboris ea enim veniam esse ea. Quis adipisicing duis deserunt culpa nulla voluptate excepteur amet deserunt.', 'http://via.placeholder.com/400/', 'http://via.placeholder.com/400/?text=ICON', '2021-10-30 02:05:16'),
(237, 36, 37.746663, -122.400997, 'Veniam qui mollit excepteur ex ut cupidatat fugiat aliqua velit. Eiusmod cupidatat ut laborum exercitation amet. Amet ex quis Lorem deserunt.', 'http://via.placeholder.com/400/', 'http://via.placeholder.com/400/?text=ICON', '2020-05-04 04:16:11'),
(238, 26, 37.773357, -122.453052, 'Quis commodo laboris fugiat ad sit est irure id dolor. Eu ipsum tempor esse cillum dolor dolor Lorem quis labore anim ullamco commodo. Nisi non officia ex cillum.', 'http://via.placeholder.com/400/', 'http://via.placeholder.com/400/?text=ICON', '2020-02-03 09:08:58'),
(239, 8, 37.732064, -122.483503, 'Minim exercitation nisi dolore veniam magna ut duis laboris sint duis excepteur. Id commodo labore in reprehenderit fugiat Lorem id occaecat fugiat est irure sunt irure esse. Minim Lorem culpa ipsum velit mollit.', 'http://via.placeholder.com/400/', 'http://via.placeholder.com/400/?text=ICON', '2020-11-29 04:27:31'),
(240, 5, 37.779644, -122.391955, 'Laboris velit et do officia velit non veniam proident. Amet ex in amet aute eiusmod eu ullamco dolor sint laborum cupidatat mollit dolor do. Fugiat aliqua quis cupidatat reprehenderit deserunt cillum tempor et qui qui.', 'http://via.placeholder.com/400/', 'http://via.placeholder.com/400/?text=ICON', '2020-03-10 03:31:02'),
(241, 12, 37.722583, -122.474472, 'Magna excepteur tempor consequat cillum elit pariatur reprehenderit non velit aliquip fugiat mollit irure. Irure anim nostrud sit commodo irure nostrud labore minim ad deserunt. Exercitation ipsum elit amet dolor sint minim est commodo ullamco elit consequat est consectetur cillum.', 'http://via.placeholder.com/400/', 'http://via.placeholder.com/400/?text=ICON', '2021-05-27 03:20:48'),
(242, 31, 37.767266, -122.468498, 'Eu ex voluptate velit deserunt excepteur ea culpa non. Est commodo dolor aliqua irure aliqua reprehenderit amet mollit voluptate. Sit sint labore dolore occaecat velit nostrud laboris ea ex id adipisicing.', 'http://via.placeholder.com/400/', 'http://via.placeholder.com/400/?text=ICON', '2021-05-02 03:11:39'),
(243, 13, 37.736384, -122.392246, 'Incididunt nostrud aute eiusmod nisi sint do voluptate ut ea eiusmod id amet nisi culpa. Nisi sint in consequat aliqua dolor minim. Aute sunt pariatur laborum aliquip deserunt ad amet sint esse consectetur voluptate excepteur nisi.', 'http://via.placeholder.com/400/', 'http://via.placeholder.com/400/?text=ICON', '2021-08-07 05:58:11'),
(244, 1, 37.742961, -122.422069, 'Aliqua nulla Lorem amet voluptate minim duis et ad culpa eiusmod cillum ullamco quis tempor. Lorem dolor voluptate ullamco deserunt occaecat consectetur aliquip. Enim est occaecat ipsum aliquip aliqua esse consectetur.', 'http://via.placeholder.com/400/', 'http://via.placeholder.com/400/?text=ICON', '2021-10-06 12:19:13'),
(245, 3, 37.733901, -122.406315, 'Ea anim quis labore dolore. Commodo adipisicing adipisicing quis Lorem ea quis aute sunt deserunt veniam in ipsum ex ullamco. Nisi in mollit labore quis in in est laborum eiusmod laborum eiusmod proident exercitation.', 'http://via.placeholder.com/400/', 'http://via.placeholder.com/400/?text=ICON', '2020-07-07 11:54:57'),
(246, 35, 37.756591, -122.404803, 'Labore fugiat est sint laboris culpa cupidatat deserunt et sunt dolor do. Sit minim nisi cupidatat laboris do irure. Elit excepteur elit aliquip anim cupidatat et exercitation exercitation.', 'http://via.placeholder.com/400/', 'http://via.placeholder.com/400/?text=ICON', '2020-09-28 04:24:56'),
(247, 23, 37.790388, -122.447284, 'Magna enim sit nisi non duis nostrud et deserunt ex ipsum. Quis voluptate elit ipsum enim aliqua adipisicing in eiusmod tempor. Laboris veniam eiusmod anim cupidatat ex.', 'http://via.placeholder.com/400/', 'http://via.placeholder.com/400/?text=ICON', '2021-04-12 03:52:07'),
(248, 31, 37.731965, -122.473127, 'Nostrud officia ad incididunt nostrud enim aute quis eu adipisicing proident. Laborum id consequat fugiat qui. Eiusmod sunt exercitation laborum irure fugiat ut.', 'http://via.placeholder.com/400/', 'http://via.placeholder.com/400/?text=ICON', '2021-07-08 10:20:05'),
(249, 7, 37.745300, -122.401306, 'Tempor ex cupidatat enim ea ullamco Lorem amet eu duis ullamco proident cillum Lorem. Enim enim irure sit laboris elit anim. Eu deserunt Lorem nisi ut dolor mollit sunt duis consectetur irure occaecat nulla.', 'http://via.placeholder.com/400/', 'http://via.placeholder.com/400/?text=ICON', '2020-08-09 08:00:51'),
(250, 33, 37.742682, -122.439747, 'Ullamco nisi incididunt aute esse mollit dolore nulla esse anim non consequat qui. Qui commodo in ex quis enim do aliquip. Tempor ullamco id pariatur id magna anim occaecat excepteur ullamco laborum.', 'http://via.placeholder.com/400/', 'http://via.placeholder.com/400/?text=ICON', '2020-09-03 08:04:50');

-- --------------------------------------------------------

--
-- Table structure for table `track_users`
--

CREATE TABLE `track_users` (
  `id` int(13) NOT NULL,
  `name` varchar(64) NOT NULL,
  `username` varchar(64) NOT NULL,
  `email` varchar(128) NOT NULL,
  `password` varchar(32) NOT NULL,
  `img` varchar(256) NOT NULL,
  `date_create` datetime NOT NULL
) ENGINE=InnoDB DEFAULT CHARSET=latin1;

--
-- Dumping data for table `track_users`
--

INSERT INTO `track_users` (`id`, `name`, `username`, `email`, `password`, `img`, `date_create`) VALUES
(1, 'Turner Rasmussen', 'user1', 'user1@gmail.com', '1a1dc91c907325c69271ddf0c944bc72', 'http://via.placeholder.com/400/798/fff/?text=user1', '2020-02-05 12:30:09'),
(2, 'Bette Brady', 'user2', 'user2@gmail.com', '1a1dc91c907325c69271ddf0c944bc72', 'http://via.placeholder.com/400/813/fff/?text=user2', '2020-04-30 06:43:10'),
(3, 'Sharp Schmidt', 'user3', 'user3@gmail.com', '1a1dc91c907325c69271ddf0c944bc72', 'http://via.placeholder.com/400/879/fff/?text=user3', '2021-03-15 06:30:15'),
(4, 'Daniels Carey', 'user4', 'user4@gmail.com', '1a1dc91c907325c69271ddf0c944bc72', 'http://via.placeholder.com/400/857/fff/?text=user4', '2021-04-17 03:18:12'),
(5, 'Hill Barlow', 'user5', 'user5@gmail.com', '1a1dc91c907325c69271ddf0c944bc72', 'http://via.placeholder.com/400/807/fff/?text=user5', '2020-10-04 05:07:45'),
(6, 'Mcintyre Wiggins', 'user6', 'user6@gmail.com', '1a1dc91c907325c69271ddf0c944bc72', 'http://via.placeholder.com/400/814/fff/?text=user6', '2020-09-27 07:45:13'),
(7, 'Esther Mathis', 'user7', 'user7@gmail.com', '1a1dc91c907325c69271ddf0c944bc72', 'http://via.placeholder.com/400/819/fff/?text=user7', '2020-04-28 12:13:01'),
(8, 'Tricia Pennington', 'user8', 'user8@gmail.com', '1a1dc91c907325c69271ddf0c944bc72', 'http://via.placeholder.com/400/870/fff/?text=user8', '2020-02-29 07:35:36'),
(9, 'Velazquez Glass', 'user9', 'user9@gmail.com', '1a1dc91c907325c69271ddf0c944bc72', 'http://via.placeholder.com/400/813/fff/?text=user9', '2020-03-11 11:54:31'),
(10, 'Franklin Calhoun', 'user10', 'user10@gmail.com', '1a1dc91c907325c69271ddf0c944bc72', 'http://via.placeholder.com/400/940/fff/?text=user10', '2021-10-16 03:33:57');

--
-- Indexes for dumped tables
--

--
-- Indexes for table `track_animals`
--
ALTER TABLE `track_animals`
  ADD PRIMARY KEY (`id`);

--
-- Indexes for table `track_locations`
--
ALTER TABLE `track_locations`
  ADD PRIMARY KEY (`id`);

--
-- Indexes for table `track_users`
--
ALTER TABLE `track_users`
  ADD PRIMARY KEY (`id`);

--
-- AUTO_INCREMENT for dumped tables
--

--
-- AUTO_INCREMENT for table `track_animals`
--
ALTER TABLE `track_animals`
  MODIFY `id` int(13) NOT NULL AUTO_INCREMENT, AUTO_INCREMENT=51;

--
-- AUTO_INCREMENT for table `track_locations`
--
ALTER TABLE `track_locations`
  MODIFY `id` int(13) NOT NULL AUTO_INCREMENT, AUTO_INCREMENT=251;

--
-- AUTO_INCREMENT for table `track_users`
--
ALTER TABLE `track_users`
  MODIFY `id` int(13) NOT NULL AUTO_INCREMENT, AUTO_INCREMENT=11;
COMMIT;

/*!40101 SET CHARACTER_SET_CLIENT=@OLD_CHARACTER_SET_CLIENT */;
/*!40101 SET CHARACTER_SET_RESULTS=@OLD_CHARACTER_SET_RESULTS */;
/*!40101 SET COLLATION_CONNECTION=@OLD_COLLATION_CONNECTION */;
